Image Alt,Image Src
Boston College Eagles,https://a.espncdn.com/combiner/i?img=/i/teamlogos/ncaa/500/103.png&scale=crop&cquality=40&location=origin&w=80&h=80
California Golden Bears,https://a.espncdn.com/combiner/i?img=/i/teamlogos/ncaa/500/25.png&scale=crop&cquality=40&location=origin&w=80&h=80
Clemson Tigers,https://a.espncdn.com/combiner/i?img=/i/teamlogos/ncaa/500/228.png&scale=crop&cquality=40&location=origin&w=80&h=80
Duke Blue Devils,https://a.espncdn.com/combiner/i?img=/i/teamlogos/ncaa/500/150.png&scale=crop&cquality=40&location=origin&w=80&h=80
Florida State Seminoles,https://a.espncdn.com/combiner/i?img=/i/teamlogos/ncaa/500/52.png&scale=crop&cquality=40&location=origin&w=80&h=80
Georgia Tech Yellow Jackets,https://a.espncdn.com/combiner/i?img=/i/teamlogos/ncaa/500/59.png&scale=crop&cquality=40&location=origin&w=80&h=80
Louisville Cardinals,https://a.espncdn.com/combiner/i?img=/i/teamlogos/ncaa/500/97.png&scale=crop&cquality=40&location=origin&w=80&h=80
Miami Hurricanes,https://a.espncdn.com/combiner/i?img=/i/teamlogos/ncaa/500/2390.png&scale=crop&cquality=40&location=origin&w=80&h=80
NC State Wolfpack,https://a.espncdn.com/combiner/i?img=/i/teamlogos/ncaa/500/152.png&scale=crop&cquality=40&location=origin&w=80&h=80
North Carolina Tar Heels,https://a.espncdn.com/combiner/i?img=/i/teamlogos/ncaa/500/153.png&scale=crop&cquality=40&location=origin&w=80&h=80
Notre Dame Fighting Irish,https://a.espncdn.com/combiner/i?img=/i/teamlogos/ncaa/500/87.png&scale=crop&cquality=40&location=origin&w=80&h=80
Pittsburgh Panthers,https://a.espncdn.com/combiner/i?img=/i/teamlogos/ncaa/500/221.png&scale=crop&cquality=40&location=origin&w=80&h=80
SMU Mustangs,https://a.espncdn.com/combiner/i?img=/i/teamlogos/ncaa/500/2567.png&scale=crop&cquality=40&location=origin&w=80&h=80
Stanford Cardinal,https://a.espncdn.com/combiner/i?img=/i/teamlogos/ncaa/500/24.png&scale=crop&cquality=40&location=origin&w=80&h=80
Syracuse Orange,https://a.espncdn.com/combiner/i?img=/i/teamlogos/ncaa/500/183.png&scale=crop&cquality=40&location=origin&w=80&h=80
Virginia Cavaliers,https://a.espncdn.com/combiner/i?img=/i/teamlogos/ncaa/500/258.png&scale=crop&cquality=40&location=origin&w=80&h=80
Virginia Tech Hokies,https://a.espncdn.com/combiner/i?img=/i/teamlogos/ncaa/500/259.png&scale=crop&cquality=40&location=origin&w=80&h=80
Wake Forest Demon Deacons,https://a.espncdn.com/combiner/i?img=/i/teamlogos/ncaa/500/154.png&scale=crop&cquality=40&location=origin&w=80&h=80
Austin Peay Governors,https://a.espncdn.com/combiner/i?img=/i/teamlogos/ncaa/500/2046.png&scale=crop&cquality=40&location=origin&w=80&h=80
Bellarmine Knights,https://a.espncdn.com/combiner/i?img=/i/teamlogos/ncaa/500/91.png&scale=crop&cquality=40&location=origin&w=80&h=80
Central Arkansas Bears,https://a.espncdn.com/combiner/i?img=/i/teamlogos/ncaa/500/2110.png&scale=crop&cquality=40&location=origin&w=80&h=80
Eastern Kentucky Colonels,https://a.espncdn.com/combiner/i?img=/i/teamlogos/ncaa/500/2198.png&scale=crop&cquality=40&location=origin&w=80&h=80
Florida Gulf Coast Eagles,https://a.espncdn.com/combiner/i?img=/i/teamlogos/ncaa/500/526.png&scale=crop&cquality=40&location=origin&w=80&h=80
Jacksonville Dolphins,https://a.espncdn.com/combiner/i?img=/i/teamlogos/ncaa/500/294.png&scale=crop&cquality=40&location=origin&w=80&h=80
Lipscomb Bisons,https://a.espncdn.com/combiner/i?img=/i/teamlogos/ncaa/500/288.png&scale=crop&cquality=40&location=origin&w=80&h=80
North Alabama Lions,https://a.espncdn.com/combiner/i?img=/i/teamlogos/ncaa/500/2453.png&scale=crop&cquality=40&location=origin&w=80&h=80
North Florida Ospreys,https://a.espncdn.com/combiner/i?img=/i/teamlogos/ncaa/500/2454.png&scale=crop&cquality=40&location=origin&w=80&h=80
Queens University Royals,https://a.espncdn.com/combiner/i?img=/i/teamlogos/ncaa/500/2511.png&scale=crop&cquality=40&location=origin&w=80&h=80
Stetson Hatters,https://a.espncdn.com/combiner/i?img=/i/teamlogos/ncaa/500/56.png&scale=crop&cquality=40&location=origin&w=80&h=80
West Georgia Wolves,https://a.espncdn.com/combiner/i?img=/i/teamlogos/ncaa/500/2698.png&scale=crop&cquality=40&location=origin&w=80&h=80
Binghamton Bearcats,https://a.espncdn.com/combiner/i?img=/i/teamlogos/ncaa/500/2066.png&scale=crop&cquality=40&location=origin&w=80&h=80
Bryant Bulldogs,https://a.espncdn.com/combiner/i?img=/i/teamlogos/ncaa/500/2803.png&scale=crop&cquality=40&location=origin&w=80&h=80
Maine Black Bears,https://a.espncdn.com/combiner/i?img=/i/teamlogos/ncaa/500/311.png&scale=crop&cquality=40&location=origin&w=80&h=80
NJIT Highlanders,https://a.espncdn.com/combiner/i?img=/i/teamlogos/ncaa/500/2885.png&scale=crop&cquality=40&location=origin&w=80&h=80
New Hampshire Wildcats,https://a.espncdn.com/combiner/i?img=/i/teamlogos/ncaa/500/160.png&scale=crop&cquality=40&location=origin&w=80&h=80
UAlbany Great Danes,https://a.espncdn.com/combiner/i?img=/i/teamlogos/ncaa/500/399.png&scale=crop&cquality=40&location=origin&w=80&h=80
UMBC Retrievers,https://a.espncdn.com/combiner/i?img=/i/teamlogos/ncaa/500/2378.png&scale=crop&cquality=40&location=origin&w=80&h=80
UMass Lowell River Hawks,https://a.espncdn.com/combiner/i?img=/i/teamlogos/ncaa/500/2349.png&scale=crop&cquality=40&location=origin&w=80&h=80
Vermont Catamounts,https://a.espncdn.com/combiner/i?img=/i/teamlogos/ncaa/500/261.png&scale=crop&cquality=40&location=origin&w=80&h=80
Charlotte 49ers,https://a.espncdn.com/combiner/i?img=/i/teamlogos/ncaa/500/2429.png&scale=crop&cquality=40&location=origin&w=80&h=80
East Carolina Pirates,https://a.espncdn.com/combiner/i?img=/i/teamlogos/ncaa/500/151.png&scale=crop&cquality=40&location=origin&w=80&h=80
Florida Atlantic Owls,https://a.espncdn.com/combiner/i?img=/i/teamlogos/ncaa/500/2226.png&scale=crop&cquality=40&location=origin&w=80&h=80
Memphis Tigers,https://a.espncdn.com/combiner/i?img=/i/teamlogos/ncaa/500/235.png&scale=crop&cquality=40&location=origin&w=80&h=80
North Texas Mean Green,https://a.espncdn.com/combiner/i?img=/i/teamlogos/ncaa/500/249.png&scale=crop&cquality=40&location=origin&w=80&h=80
Rice Owls,https://a.espncdn.com/combiner/i?img=/i/teamlogos/ncaa/500/242.png&scale=crop&cquality=40&location=origin&w=80&h=80
South Florida Bulls,https://a.espncdn.com/combiner/i?img=/i/teamlogos/ncaa/500/58.png&scale=crop&cquality=40&location=origin&w=80&h=80
Temple Owls,https://a.espncdn.com/combiner/i?img=/i/teamlogos/ncaa/500/218.png&scale=crop&cquality=40&location=origin&w=80&h=80
Tulane Green Wave,https://a.espncdn.com/combiner/i?img=/i/teamlogos/ncaa/500/2655.png&scale=crop&cquality=40&location=origin&w=80&h=80
Tulsa Golden Hurricane,https://a.espncdn.com/combiner/i?img=/i/teamlogos/ncaa/500/202.png&scale=crop&cquality=40&location=origin&w=80&h=80
UAB Blazers,https://a.espncdn.com/combiner/i?img=/i/teamlogos/ncaa/500/5.png&scale=crop&cquality=40&location=origin&w=80&h=80
UTSA Roadrunners,https://a.espncdn.com/combiner/i?img=/i/teamlogos/ncaa/500/2636.png&scale=crop&cquality=40&location=origin&w=80&h=80
Wichita State Shockers,https://a.espncdn.com/combiner/i?img=/i/teamlogos/ncaa/500/2724.png&scale=crop&cquality=40&location=origin&w=80&h=80
Davidson Wildcats,https://a.espncdn.com/combiner/i?img=/i/teamlogos/ncaa/500/2166.png&scale=crop&cquality=40&location=origin&w=80&h=80
Dayton Flyers,https://a.espncdn.com/combiner/i?img=/i/teamlogos/ncaa/500/2168.png&scale=crop&cquality=40&location=origin&w=80&h=80
Duquesne Dukes,https://a.espncdn.com/combiner/i?img=/i/teamlogos/ncaa/500/2184.png&scale=crop&cquality=40&location=origin&w=80&h=80
Fordham Rams,https://a.espncdn.com/combiner/i?img=/i/teamlogos/ncaa/500/2230.png&scale=crop&cquality=40&location=origin&w=80&h=80
George Mason Patriots,https://a.espncdn.com/combiner/i?img=/i/teamlogos/ncaa/500/2244.png&scale=crop&cquality=40&location=origin&w=80&h=80
George Washington Revolutionaries,https://a.espncdn.com/combiner/i?img=/i/teamlogos/ncaa/500/45.png&scale=crop&cquality=40&location=origin&w=80&h=80
La Salle Explorers,https://a.espncdn.com/combiner/i?img=/i/teamlogos/ncaa/500/2325.png&scale=crop&cquality=40&location=origin&w=80&h=80
Loyola Chicago Ramblers,https://a.espncdn.com/combiner/i?img=/i/teamlogos/ncaa/500/2350.png&scale=crop&cquality=40&location=origin&w=80&h=80
Massachusetts Minutemen,https://a.espncdn.com/combiner/i?img=/i/teamlogos/ncaa/500/113.png&scale=crop&cquality=40&location=origin&w=80&h=80
Rhode Island Rams,https://a.espncdn.com/combiner/i?img=/i/teamlogos/ncaa/500/227.png&scale=crop&cquality=40&location=origin&w=80&h=80
Richmond Spiders,https://a.espncdn.com/combiner/i?img=/i/teamlogos/ncaa/500/257.png&scale=crop&cquality=40&location=origin&w=80&h=80
Saint Joseph's Hawks,https://a.espncdn.com/combiner/i?img=/i/teamlogos/ncaa/500/2603.png&scale=crop&cquality=40&location=origin&w=80&h=80
Saint Louis Billikens,https://a.espncdn.com/combiner/i?img=/i/teamlogos/ncaa/500/139.png&scale=crop&cquality=40&location=origin&w=80&h=80
St. Bonaventure Bonnies,https://a.espncdn.com/combiner/i?img=/i/teamlogos/ncaa/500/179.png&scale=crop&cquality=40&location=origin&w=80&h=80
VCU Rams,https://a.espncdn.com/combiner/i?img=/i/teamlogos/ncaa/500/2670.png&scale=crop&cquality=40&location=origin&w=80&h=80
Arizona State Sun Devils,https://a.espncdn.com/combiner/i?img=/i/teamlogos/ncaa/500/9.png&scale=crop&cquality=40&location=origin&w=80&h=80
Arizona Wildcats,https://a.espncdn.com/combiner/i?img=/i/teamlogos/ncaa/500/12.png&scale=crop&cquality=40&location=origin&w=80&h=80
BYU Cougars,https://a.espncdn.com/combiner/i?img=/i/teamlogos/ncaa/500/252.png&scale=crop&cquality=40&location=origin&w=80&h=80
Baylor Bears,https://a.espncdn.com/combiner/i?img=/i/teamlogos/ncaa/500/239.png&scale=crop&cquality=40&location=origin&w=80&h=80
Cincinnati Bearcats,https://a.espncdn.com/combiner/i?img=/i/teamlogos/ncaa/500/2132.png&scale=crop&cquality=40&location=origin&w=80&h=80
Colorado Buffaloes,https://a.espncdn.com/combiner/i?img=/i/teamlogos/ncaa/500/38.png&scale=crop&cquality=40&location=origin&w=80&h=80
Houston Cougars,https://a.espncdn.com/combiner/i?img=/i/teamlogos/ncaa/500/248.png&scale=crop&cquality=40&location=origin&w=80&h=80
Iowa State Cyclones,https://a.espncdn.com/combiner/i?img=/i/teamlogos/ncaa/500/66.png&scale=crop&cquality=40&location=origin&w=80&h=80
Kansas Jayhawks,https://a.espncdn.com/combiner/i?img=/i/teamlogos/ncaa/500/2305.png&scale=crop&cquality=40&location=origin&w=80&h=80
Kansas State Wildcats,https://a.espncdn.com/combiner/i?img=/i/teamlogos/ncaa/500/2306.png&scale=crop&cquality=40&location=origin&w=80&h=80
Oklahoma State Cowboys,https://a.espncdn.com/combiner/i?img=/i/teamlogos/ncaa/500/197.png&scale=crop&cquality=40&location=origin&w=80&h=80
TCU Horned Frogs,https://a.espncdn.com/combiner/i?img=/i/teamlogos/ncaa/500/2628.png&scale=crop&cquality=40&location=origin&w=80&h=80
Texas Tech Red Raiders,https://a.espncdn.com/combiner/i?img=/i/teamlogos/ncaa/500/2641.png&scale=crop&cquality=40&location=origin&w=80&h=80
UCF Knights,https://a.espncdn.com/combiner/i?img=/i/teamlogos/ncaa/500/2116.png&scale=crop&cquality=40&location=origin&w=80&h=80
Utah Utes,https://a.espncdn.com/combiner/i?img=/i/teamlogos/ncaa/500/254.png&scale=crop&cquality=40&location=origin&w=80&h=80
West Virginia Mountaineers,https://a.espncdn.com/combiner/i?img=/i/teamlogos/ncaa/500/277.png&scale=crop&cquality=40&location=origin&w=80&h=80
Butler Bulldogs,https://a.espncdn.com/combiner/i?img=/i/teamlogos/ncaa/500/2086.png&scale=crop&cquality=40&location=origin&w=80&h=80
Creighton Bluejays,https://a.espncdn.com/combiner/i?img=/i/teamlogos/ncaa/500/156.png&scale=crop&cquality=40&location=origin&w=80&h=80
DePaul Blue Demons,https://a.espncdn.com/combiner/i?img=/i/teamlogos/ncaa/500/305.png&scale=crop&cquality=40&location=origin&w=80&h=80
Georgetown Hoyas,https://a.espncdn.com/combiner/i?img=/i/teamlogos/ncaa/500/46.png&scale=crop&cquality=40&location=origin&w=80&h=80
Marquette Golden Eagles,https://a.espncdn.com/combiner/i?img=/i/teamlogos/ncaa/500/269.png&scale=crop&cquality=40&location=origin&w=80&h=80
Providence Friars,https://a.espncdn.com/combiner/i?img=/i/teamlogos/ncaa/500/2507.png&scale=crop&cquality=40&location=origin&w=80&h=80
Seton Hall Pirates,https://a.espncdn.com/combiner/i?img=/i/teamlogos/ncaa/500/2550.png&scale=crop&cquality=40&location=origin&w=80&h=80
St. John's Red Storm,https://a.espncdn.com/combiner/i?img=/i/teamlogos/ncaa/500/2599.png&scale=crop&cquality=40&location=origin&w=80&h=80
UConn Huskies,https://a.espncdn.com/combiner/i?img=/i/teamlogos/ncaa/500/41.png&scale=crop&cquality=40&location=origin&w=80&h=80
Villanova Wildcats,https://a.espncdn.com/combiner/i?img=/i/teamlogos/ncaa/500/222.png&scale=crop&cquality=40&location=origin&w=80&h=80
Xavier Musketeers,https://a.espncdn.com/combiner/i?img=/i/teamlogos/ncaa/500/2752.png&scale=crop&cquality=40&location=origin&w=80&h=80
Eastern Washington Eagles,https://a.espncdn.com/combiner/i?img=/i/teamlogos/ncaa/500/331.png&scale=crop&cquality=40&location=origin&w=80&h=80
Idaho State Bengals,https://a.espncdn.com/combiner/i?img=/i/teamlogos/ncaa/500/304.png&scale=crop&cquality=40&location=origin&w=80&h=80
Idaho Vandals,https://a.espncdn.com/combiner/i?img=/i/teamlogos/ncaa/500/70.png&scale=crop&cquality=40&location=origin&w=80&h=80
Montana Grizzlies,https://a.espncdn.com/combiner/i?img=/i/teamlogos/ncaa/500/149.png&scale=crop&cquality=40&location=origin&w=80&h=80
Montana State Bobcats,https://a.espncdn.com/combiner/i?img=/i/teamlogos/ncaa/500/147.png&scale=crop&cquality=40&location=origin&w=80&h=80
Northern Arizona Lumberjacks,https://a.espncdn.com/combiner/i?img=/i/teamlogos/ncaa/500/2464.png&scale=crop&cquality=40&location=origin&w=80&h=80
Northern Colorado Bears,https://a.espncdn.com/combiner/i?img=/i/teamlogos/ncaa/500/2458.png&scale=crop&cquality=40&location=origin&w=80&h=80
Portland State Vikings,https://a.espncdn.com/combiner/i?img=/i/teamlogos/ncaa/500/2502.png&scale=crop&cquality=40&location=origin&w=80&h=80
Sacramento State Hornets,https://a.espncdn.com/combiner/i?img=/i/teamlogos/ncaa/500/16.png&scale=crop&cquality=40&location=origin&w=80&h=80
Weber State Wildcats,https://a.espncdn.com/combiner/i?img=/i/teamlogos/ncaa/500/2692.png&scale=crop&cquality=40&location=origin&w=80&h=80
Charleston Southern Buccaneers,https://a.espncdn.com/combiner/i?img=/i/teamlogos/ncaa/500/2127.png&scale=crop&cquality=40&location=origin&w=80&h=80
Gardner-Webb Runnin' Bulldogs,https://a.espncdn.com/combiner/i?img=/i/teamlogos/ncaa/500/2241.png&scale=crop&cquality=40&location=origin&w=80&h=80
High Point Panthers,https://a.espncdn.com/combiner/i?img=/i/teamlogos/ncaa/500/2272.png&scale=crop&cquality=40&location=origin&w=80&h=80
Longwood Lancers,https://a.espncdn.com/combiner/i?img=/i/teamlogos/ncaa/500/2344.png&scale=crop&cquality=40&location=origin&w=80&h=80
Presbyterian Blue Hose,https://a.espncdn.com/combiner/i?img=/i/teamlogos/ncaa/500/2506.png&scale=crop&cquality=40&location=origin&w=80&h=80
Radford Highlanders,https://a.espncdn.com/combiner/i?img=/i/teamlogos/ncaa/500/2515.png&scale=crop&cquality=40&location=origin&w=80&h=80
South Carolina Upstate Spartans,https://a.espncdn.com/combiner/i?img=/i/teamlogos/ncaa/500/2908.png&scale=crop&cquality=40&location=origin&w=80&h=80
UNC Asheville Bulldogs,https://a.espncdn.com/combiner/i?img=/i/teamlogos/ncaa/500/2427.png&scale=crop&cquality=40&location=origin&w=80&h=80
Winthrop Eagles,https://a.espncdn.com/combiner/i?img=/i/teamlogos/ncaa/500/2737.png&scale=crop&cquality=40&location=origin&w=80&h=80
Illinois Fighting Illini,https://a.espncdn.com/combiner/i?img=/i/teamlogos/ncaa/500/356.png&scale=crop&cquality=40&location=origin&w=80&h=80
Indiana Hoosiers,https://a.espncdn.com/combiner/i?img=/i/teamlogos/ncaa/500/84.png&scale=crop&cquality=40&location=origin&w=80&h=80
Iowa Hawkeyes,https://a.espncdn.com/combiner/i?img=/i/teamlogos/ncaa/500/2294.png&scale=crop&cquality=40&location=origin&w=80&h=80
Maryland Terrapins,https://a.espncdn.com/combiner/i?img=/i/teamlogos/ncaa/500/120.png&scale=crop&cquality=40&location=origin&w=80&h=80
Michigan State Spartans,https://a.espncdn.com/combiner/i?img=/i/teamlogos/ncaa/500/127.png&scale=crop&cquality=40&location=origin&w=80&h=80
Michigan Wolverines,https://a.espncdn.com/combiner/i?img=/i/teamlogos/ncaa/500/130.png&scale=crop&cquality=40&location=origin&w=80&h=80
Minnesota Golden Gophers,https://a.espncdn.com/combiner/i?img=/i/teamlogos/ncaa/500/135.png&scale=crop&cquality=40&location=origin&w=80&h=80
Nebraska Cornhuskers,https://a.espncdn.com/combiner/i?img=/i/teamlogos/ncaa/500/158.png&scale=crop&cquality=40&location=origin&w=80&h=80
Northwestern Wildcats,https://a.espncdn.com/combiner/i?img=/i/teamlogos/ncaa/500/77.png&scale=crop&cquality=40&location=origin&w=80&h=80
Ohio State Buckeyes,https://a.espncdn.com/combiner/i?img=/i/teamlogos/ncaa/500/194.png&scale=crop&cquality=40&location=origin&w=80&h=80
Oregon Ducks,https://a.espncdn.com/combiner/i?img=/i/teamlogos/ncaa/500/2483.png&scale=crop&cquality=40&location=origin&w=80&h=80
Penn State Nittany Lions,https://a.espncdn.com/combiner/i?img=/i/teamlogos/ncaa/500/213.png&scale=crop&cquality=40&location=origin&w=80&h=80
Purdue Boilermakers,https://a.espncdn.com/combiner/i?img=/i/teamlogos/ncaa/500/2509.png&scale=crop&cquality=40&location=origin&w=80&h=80
Rutgers Scarlet Knights,https://a.espncdn.com/combiner/i?img=/i/teamlogos/ncaa/500/164.png&scale=crop&cquality=40&location=origin&w=80&h=80
UCLA Bruins,https://a.espncdn.com/combiner/i?img=/i/teamlogos/ncaa/500/26.png&scale=crop&cquality=40&location=origin&w=80&h=80
USC Trojans,https://a.espncdn.com/combiner/i?img=/i/teamlogos/ncaa/500/30.png&scale=crop&cquality=40&location=origin&w=80&h=80
Washington Huskies,https://a.espncdn.com/combiner/i?img=/i/teamlogos/ncaa/500/264.png&scale=crop&cquality=40&location=origin&w=80&h=80
Wisconsin Badgers,https://a.espncdn.com/combiner/i?img=/i/teamlogos/ncaa/500/275.png&scale=crop&cquality=40&location=origin&w=80&h=80
Cal Poly Mustangs,https://a.espncdn.com/combiner/i?img=/i/teamlogos/ncaa/500/13.png&scale=crop&cquality=40&location=origin&w=80&h=80
Cal State Bakersfield Roadrunners,https://a.espncdn.com/combiner/i?img=/i/teamlogos/ncaa/500/2934.png&scale=crop&cquality=40&location=origin&w=80&h=80
Cal State Fullerton Titans,https://a.espncdn.com/combiner/i?img=/i/teamlogos/ncaa/500/2239.png&scale=crop&cquality=40&location=origin&w=80&h=80
Cal State Northridge Matadors,https://a.espncdn.com/combiner/i?img=/i/teamlogos/ncaa/500/2463.png&scale=crop&cquality=40&location=origin&w=80&h=80
Hawai'i Rainbow Warriors,https://a.espncdn.com/combiner/i?img=/i/teamlogos/ncaa/500/62.png&scale=crop&cquality=40&location=origin&w=80&h=80
Long Beach State Beach,https://a.espncdn.com/combiner/i?img=/i/teamlogos/ncaa/500/299.png&scale=crop&cquality=40&location=origin&w=80&h=80
UC Davis Aggies,https://a.espncdn.com/combiner/i?img=/i/teamlogos/ncaa/500/302.png&scale=crop&cquality=40&location=origin&w=80&h=80
UC Irvine Anteaters,https://a.espncdn.com/combiner/i?img=/i/teamlogos/ncaa/500/300.png&scale=crop&cquality=40&location=origin&w=80&h=80
UC Riverside Highlanders,https://a.espncdn.com/combiner/i?img=/i/teamlogos/ncaa/500/27.png&scale=crop&cquality=40&location=origin&w=80&h=80
UC San Diego Tritons,https://a.espncdn.com/combiner/i?img=/i/teamlogos/ncaa/500/28.png&scale=crop&cquality=40&location=origin&w=80&h=80
UC Santa Barbara Gauchos,https://a.espncdn.com/combiner/i?img=/i/teamlogos/ncaa/500/2540.png&scale=crop&cquality=40&location=origin&w=80&h=80
Campbell Fighting Camels,https://a.espncdn.com/combiner/i?img=/i/teamlogos/ncaa/500/2097.png&scale=crop&cquality=40&location=origin&w=80&h=80
Charleston Cougars,https://a.espncdn.com/combiner/i?img=/i/teamlogos/ncaa/500/232.png&scale=crop&cquality=40&location=origin&w=80&h=80
Delaware Blue Hens,https://a.espncdn.com/combiner/i?img=/i/teamlogos/ncaa/500/48.png&scale=crop&cquality=40&location=origin&w=80&h=80
Drexel Dragons,https://a.espncdn.com/combiner/i?img=/i/teamlogos/ncaa/500/2182.png&scale=crop&cquality=40&location=origin&w=80&h=80
Elon Phoenix,https://a.espncdn.com/combiner/i?img=/i/teamlogos/ncaa/500/2210.png&scale=crop&cquality=40&location=origin&w=80&h=80
Hampton Pirates,https://a.espncdn.com/combiner/i?img=/i/teamlogos/ncaa/500/2261.png&scale=crop&cquality=40&location=origin&w=80&h=80
Hofstra Pride,https://a.espncdn.com/combiner/i?img=/i/teamlogos/ncaa/500/2275.png&scale=crop&cquality=40&location=origin&w=80&h=80
Monmouth Hawks,https://a.espncdn.com/combiner/i?img=/i/teamlogos/ncaa/500/2405.png&scale=crop&cquality=40&location=origin&w=80&h=80
North Carolina A&T Aggies,https://a.espncdn.com/combiner/i?img=/i/teamlogos/ncaa/500/2448.png&scale=crop&cquality=40&location=origin&w=80&h=80
Northeastern Huskies,https://a.espncdn.com/combiner/i?img=/i/teamlogos/ncaa/500/111.png&scale=crop&cquality=40&location=origin&w=80&h=80
Stony Brook Seawolves,https://a.espncdn.com/combiner/i?img=/i/teamlogos/ncaa/500/2619.png&scale=crop&cquality=40&location=origin&w=80&h=80
Towson Tigers,https://a.espncdn.com/combiner/i?img=/i/teamlogos/ncaa/500/119.png&scale=crop&cquality=40&location=origin&w=80&h=80
UNC Wilmington Seahawks,https://a.espncdn.com/combiner/i?img=/i/teamlogos/ncaa/500/350.png&scale=crop&cquality=40&location=origin&w=80&h=80
William & Mary Tribe,https://a.espncdn.com/combiner/i?img=/i/teamlogos/ncaa/500/2729.png&scale=crop&cquality=40&location=origin&w=80&h=80
Florida International Panthers,https://a.espncdn.com/combiner/i?img=/i/teamlogos/ncaa/500/2229.png&scale=crop&cquality=40&location=origin&w=80&h=80
Jacksonville State Gamecocks,https://a.espncdn.com/combiner/i?img=/i/teamlogos/ncaa/500/55.png&scale=crop&cquality=40&location=origin&w=80&h=80
Kennesaw State Owls,https://a.espncdn.com/combiner/i?img=/i/teamlogos/ncaa/500/338.png&scale=crop&cquality=40&location=origin&w=80&h=80
Liberty Flames,https://a.espncdn.com/combiner/i?img=/i/teamlogos/ncaa/500/2335.png&scale=crop&cquality=40&location=origin&w=80&h=80
Louisiana Tech Bulldogs,https://a.espncdn.com/combiner/i?img=/i/teamlogos/ncaa/500/2348.png&scale=crop&cquality=40&location=origin&w=80&h=80
Middle Tennessee Blue Raiders,https://a.espncdn.com/combiner/i?img=/i/teamlogos/ncaa/500/2393.png&scale=crop&cquality=40&location=origin&w=80&h=80
New Mexico State Aggies,https://a.espncdn.com/combiner/i?img=/i/teamlogos/ncaa/500/166.png&scale=crop&cquality=40&location=origin&w=80&h=80
Sam Houston Bearkats,https://a.espncdn.com/combiner/i?img=/i/teamlogos/ncaa/500/2534.png&scale=crop&cquality=40&location=origin&w=80&h=80
UTEP Miners,https://a.espncdn.com/combiner/i?img=/i/teamlogos/ncaa/500/2638.png&scale=crop&cquality=40&location=origin&w=80&h=80
Western Kentucky Hilltoppers,https://a.espncdn.com/combiner/i?img=/i/teamlogos/ncaa/500/98.png&scale=crop&cquality=40&location=origin&w=80&h=80
Cleveland State Vikings,https://a.espncdn.com/combiner/i?img=/i/teamlogos/ncaa/500/325.png&scale=crop&cquality=40&location=origin&w=80&h=80
Detroit Mercy Titans,https://a.espncdn.com/combiner/i?img=/i/teamlogos/ncaa/500/2174.png&scale=crop&cquality=40&location=origin&w=80&h=80
Green Bay Phoenix,https://a.espncdn.com/combiner/i?img=/i/teamlogos/ncaa/500/2739.png&scale=crop&cquality=40&location=origin&w=80&h=80
IU Indianapolis Jaguars,https://a.espncdn.com/combiner/i?img=/i/teamlogos/ncaa/500/85.png&scale=crop&cquality=40&location=origin&w=80&h=80
Milwaukee Panthers,https://a.espncdn.com/combiner/i?img=/i/teamlogos/ncaa/500/270.png&scale=crop&cquality=40&location=origin&w=80&h=80
Northern Kentucky Norse,https://a.espncdn.com/combiner/i?img=/i/teamlogos/ncaa/500/94.png&scale=crop&cquality=40&location=origin&w=80&h=80
Oakland Golden Grizzlies,https://a.espncdn.com/combiner/i?img=/i/teamlogos/ncaa/500/2473.png&scale=crop&cquality=40&location=origin&w=80&h=80
Purdue Fort Wayne Mastodons,https://a.espncdn.com/combiner/i?img=/i/teamlogos/ncaa/500/2870.png&scale=crop&cquality=40&location=origin&w=80&h=80
Robert Morris Colonials,https://a.espncdn.com/combiner/i?img=/i/teamlogos/ncaa/500/2523.png&scale=crop&cquality=40&location=origin&w=80&h=80
Wright State Raiders,https://a.espncdn.com/combiner/i?img=/i/teamlogos/ncaa/500/2750.png&scale=crop&cquality=40&location=origin&w=80&h=80
Youngstown State Penguins,https://a.espncdn.com/combiner/i?img=/i/teamlogos/ncaa/500/2754.png&scale=crop&cquality=40&location=origin&w=80&h=80
Brown Bears,https://a.espncdn.com/combiner/i?img=/i/teamlogos/ncaa/500/225.png&scale=crop&cquality=40&location=origin&w=80&h=80
Columbia Lions,https://a.espncdn.com/combiner/i?img=/i/teamlogos/ncaa/500/171.png&scale=crop&cquality=40&location=origin&w=80&h=80
Cornell Big Red,https://a.espncdn.com/combiner/i?img=/i/teamlogos/ncaa/500/172.png&scale=crop&cquality=40&location=origin&w=80&h=80
Dartmouth Big Green,https://a.espncdn.com/combiner/i?img=/i/teamlogos/ncaa/500/159.png&scale=crop&cquality=40&location=origin&w=80&h=80
Harvard Crimson,https://a.espncdn.com/combiner/i?img=/i/teamlogos/ncaa/500/108.png&scale=crop&cquality=40&location=origin&w=80&h=80
Pennsylvania Quakers,https://a.espncdn.com/combiner/i?img=/i/teamlogos/ncaa/500/219.png&scale=crop&cquality=40&location=origin&w=80&h=80
Princeton Tigers,https://a.espncdn.com/combiner/i?img=/i/teamlogos/ncaa/500/163.png&scale=crop&cquality=40&location=origin&w=80&h=80
Yale Bulldogs,https://a.espncdn.com/combiner/i?img=/i/teamlogos/ncaa/500/43.png&scale=crop&cquality=40&location=origin&w=80&h=80
Canisius Golden Griffins,https://a.espncdn.com/combiner/i?img=/i/teamlogos/ncaa/500/2099.png&scale=crop&cquality=40&location=origin&w=80&h=80
Fairfield Stags,https://a.espncdn.com/combiner/i?img=/i/teamlogos/ncaa/500/2217.png&scale=crop&cquality=40&location=origin&w=80&h=80
Iona Gaels,https://a.espncdn.com/combiner/i?img=/i/teamlogos/ncaa/500/314.png&scale=crop&cquality=40&location=origin&w=80&h=80
Manhattan Jaspers,https://a.espncdn.com/combiner/i?img=/i/teamlogos/ncaa/500/2363.png&scale=crop&cquality=40&location=origin&w=80&h=80
Marist Red Foxes,https://a.espncdn.com/combiner/i?img=/i/teamlogos/ncaa/500/2368.png&scale=crop&cquality=40&location=origin&w=80&h=80
Merrimack Warriors,https://a.espncdn.com/combiner/i?img=/i/teamlogos/ncaa/500/2771.png&scale=crop&cquality=40&location=origin&w=80&h=80
Mount St. Mary's Mountaineers,https://a.espncdn.com/combiner/i?img=/i/teamlogos/ncaa/500/116.png&scale=crop&cquality=40&location=origin&w=80&h=80
Niagara Purple Eagles,https://a.espncdn.com/combiner/i?img=/i/teamlogos/ncaa/500/315.png&scale=crop&cquality=40&location=origin&w=80&h=80
Quinnipiac Bobcats,https://a.espncdn.com/combiner/i?img=/i/teamlogos/ncaa/500/2514.png&scale=crop&cquality=40&location=origin&w=80&h=80
Rider Broncs,https://a.espncdn.com/combiner/i?img=/i/teamlogos/ncaa/500/2520.png&scale=crop&cquality=40&location=origin&w=80&h=80
Sacred Heart Pioneers,https://a.espncdn.com/combiner/i?img=/i/teamlogos/ncaa/500/2529.png&scale=crop&cquality=40&location=origin&w=80&h=80
Saint Peter's Peacocks,https://a.espncdn.com/combiner/i?img=/i/teamlogos/ncaa/500/2612.png&scale=crop&cquality=40&location=origin&w=80&h=80
Siena Saints,https://a.espncdn.com/combiner/i?img=/i/teamlogos/ncaa/500/2561.png&scale=crop&cquality=40&location=origin&w=80&h=80
Coppin State Eagles,https://a.espncdn.com/combiner/i?img=/i/teamlogos/ncaa/500/2154.png&scale=crop&cquality=40&location=origin&w=80&h=80
Delaware State Hornets,https://a.espncdn.com/combiner/i?img=/i/teamlogos/ncaa/500/2169.png&scale=crop&cquality=40&location=origin&w=80&h=80
Howard Bison,https://a.espncdn.com/combiner/i?img=/i/teamlogos/ncaa/500/47.png&scale=crop&cquality=40&location=origin&w=80&h=80
Maryland Eastern Shore Hawks,https://a.espncdn.com/combiner/i?img=/i/teamlogos/ncaa/500/2379.png&scale=crop&cquality=40&location=origin&w=80&h=80
Morgan State Bears,https://a.espncdn.com/combiner/i?img=/i/teamlogos/ncaa/500/2415.png&scale=crop&cquality=40&location=origin&w=80&h=80
Norfolk State Spartans,https://a.espncdn.com/combiner/i?img=/i/teamlogos/ncaa/500/2450.png&scale=crop&cquality=40&location=origin&w=80&h=80
North Carolina Central Eagles,https://a.espncdn.com/combiner/i?img=/i/teamlogos/ncaa/500/2428.png&scale=crop&cquality=40&location=origin&w=80&h=80
South Carolina State Bulldogs,https://a.espncdn.com/combiner/i?img=/i/teamlogos/ncaa/500/2569.png&scale=crop&cquality=40&location=origin&w=80&h=80
Akron Zips,https://a.espncdn.com/combiner/i?img=/i/teamlogos/ncaa/500/2006.png&scale=crop&cquality=40&location=origin&w=80&h=80
Ball State Cardinals,https://a.espncdn.com/combiner/i?img=/i/teamlogos/ncaa/500/2050.png&scale=crop&cquality=40&location=origin&w=80&h=80
Bowling Green Falcons,https://a.espncdn.com/combiner/i?img=/i/teamlogos/ncaa/500/189.png&scale=crop&cquality=40&location=origin&w=80&h=80
Buffalo Bulls,https://a.espncdn.com/combiner/i?img=/i/teamlogos/ncaa/500/2084.png&scale=crop&cquality=40&location=origin&w=80&h=80
Central Michigan Chippewas,https://a.espncdn.com/combiner/i?img=/i/teamlogos/ncaa/500/2117.png&scale=crop&cquality=40&location=origin&w=80&h=80
Eastern Michigan Eagles,https://a.espncdn.com/combiner/i?img=/i/teamlogos/ncaa/500/2199.png&scale=crop&cquality=40&location=origin&w=80&h=80
Kent State Golden Flashes,https://a.espncdn.com/combiner/i?img=/i/teamlogos/ncaa/500/2309.png&scale=crop&cquality=40&location=origin&w=80&h=80
Miami (OH) RedHawks,https://a.espncdn.com/combiner/i?img=/i/teamlogos/ncaa/500/193.png&scale=crop&cquality=40&location=origin&w=80&h=80
Northern Illinois Huskies,https://a.espncdn.com/combiner/i?img=/i/teamlogos/ncaa/500/2459.png&scale=crop&cquality=40&location=origin&w=80&h=80
Ohio Bobcats,https://a.espncdn.com/combiner/i?img=/i/teamlogos/ncaa/500/195.png&scale=crop&cquality=40&location=origin&w=80&h=80
Toledo Rockets,https://a.espncdn.com/combiner/i?img=/i/teamlogos/ncaa/500/2649.png&scale=crop&cquality=40&location=origin&w=80&h=80
Western Michigan Broncos,https://a.espncdn.com/combiner/i?img=/i/teamlogos/ncaa/500/2711.png&scale=crop&cquality=40&location=origin&w=80&h=80
Belmont Bruins,https://a.espncdn.com/combiner/i?img=/i/teamlogos/ncaa/500/2057.png&scale=crop&cquality=40&location=origin&w=80&h=80
Bradley Braves,https://a.espncdn.com/combiner/i?img=/i/teamlogos/ncaa/500/71.png&scale=crop&cquality=40&location=origin&w=80&h=80
Drake Bulldogs,https://a.espncdn.com/combiner/i?img=/i/teamlogos/ncaa/500/2181.png&scale=crop&cquality=40&location=origin&w=80&h=80
Evansville Purple Aces,https://a.espncdn.com/combiner/i?img=/i/teamlogos/ncaa/500/339.png&scale=crop&cquality=40&location=origin&w=80&h=80
Illinois State Redbirds,https://a.espncdn.com/combiner/i?img=/i/teamlogos/ncaa/500/2287.png&scale=crop&cquality=40&location=origin&w=80&h=80
Indiana State Sycamores,https://a.espncdn.com/combiner/i?img=/i/teamlogos/ncaa/500/282.png&scale=crop&cquality=40&location=origin&w=80&h=80
Missouri State Bears,https://a.espncdn.com/combiner/i?img=/i/teamlogos/ncaa/500/2623.png&scale=crop&cquality=40&location=origin&w=80&h=80
Murray State Racers,https://a.espncdn.com/combiner/i?img=/i/teamlogos/ncaa/500/93.png&scale=crop&cquality=40&location=origin&w=80&h=80
Northern Iowa Panthers,https://a.espncdn.com/combiner/i?img=/i/teamlogos/ncaa/500/2460.png&scale=crop&cquality=40&location=origin&w=80&h=80
Southern Illinois Salukis,https://a.espncdn.com/combiner/i?img=/i/teamlogos/ncaa/500/79.png&scale=crop&cquality=40&location=origin&w=80&h=80
UIC Flames,https://a.espncdn.com/combiner/i?img=/i/teamlogos/ncaa/500/82.png&scale=crop&cquality=40&location=origin&w=80&h=80
Valparaiso Beacons,https://a.espncdn.com/combiner/i?img=/i/teamlogos/ncaa/500/2674.png&scale=crop&cquality=40&location=origin&w=80&h=80
Air Force Falcons,https://a.espncdn.com/combiner/i?img=/i/teamlogos/ncaa/500/2005.png&scale=crop&cquality=40&location=origin&w=80&h=80
Boise State Broncos,https://a.espncdn.com/combiner/i?img=/i/teamlogos/ncaa/500/68.png&scale=crop&cquality=40&location=origin&w=80&h=80
Colorado State Rams,https://a.espncdn.com/combiner/i?img=/i/teamlogos/ncaa/500/36.png&scale=crop&cquality=40&location=origin&w=80&h=80
Fresno State Bulldogs,https://a.espncdn.com/combiner/i?img=/i/teamlogos/ncaa/500/278.png&scale=crop&cquality=40&location=origin&w=80&h=80
Nevada Wolf Pack,https://a.espncdn.com/combiner/i?img=/i/teamlogos/ncaa/500/2440.png&scale=crop&cquality=40&location=origin&w=80&h=80
New Mexico Lobos,https://a.espncdn.com/combiner/i?img=/i/teamlogos/ncaa/500/167.png&scale=crop&cquality=40&location=origin&w=80&h=80
San Diego State Aztecs,https://a.espncdn.com/combiner/i?img=/i/teamlogos/ncaa/500/21.png&scale=crop&cquality=40&location=origin&w=80&h=80
San Jos√© State Spartans,https://a.espncdn.com/combiner/i?img=/i/teamlogos/ncaa/500/23.png&scale=crop&cquality=40&location=origin&w=80&h=80
UNLV Rebels,https://a.espncdn.com/combiner/i?img=/i/teamlogos/ncaa/500/2439.png&scale=crop&cquality=40&location=origin&w=80&h=80
Utah State Aggies,https://a.espncdn.com/combiner/i?img=/i/teamlogos/ncaa/500/328.png&scale=crop&cquality=40&location=origin&w=80&h=80
Wyoming Cowboys,https://a.espncdn.com/combiner/i?img=/i/teamlogos/ncaa/500/2751.png&scale=crop&cquality=40&location=origin&w=80&h=80
Central Connecticut Blue Devils,https://a.espncdn.com/combiner/i?img=/i/teamlogos/ncaa/500/2115.png&scale=crop&cquality=40&location=origin&w=80&h=80
Chicago State Cougars,https://a.espncdn.com/combiner/i?img=/i/teamlogos/ncaa/500/2130.png&scale=crop&cquality=40&location=origin&w=80&h=80
Fairleigh Dickinson Knights,https://a.espncdn.com/combiner/i?img=/i/teamlogos/ncaa/500/161.png&scale=crop&cquality=40&location=origin&w=80&h=80
Le Moyne Dolphins,https://a.espncdn.com/combiner/i?img=/i/teamlogos/ncaa/500/2330.png&scale=crop&cquality=40&location=origin&w=80&h=80
Long Island University Sharks,https://a.espncdn.com/combiner/i?img=/i/teamlogos/ncaa/500/112358.png&scale=crop&cquality=40&location=origin&w=80&h=80
Mercyhurst Lakers,https://a.espncdn.com/combiner/i?img=/i/teamlogos/ncaa/500/2385.png&scale=crop&cquality=40&location=origin&w=80&h=80
St. Francis (PA) Red Flash,https://a.espncdn.com/combiner/i?img=/i/teamlogos/ncaa/500/2598.png&scale=crop&cquality=40&location=origin&w=80&h=80
Stonehill Skyhawks,https://a.espncdn.com/combiner/i?img=/i/teamlogos/ncaa/500/284.png&scale=crop&cquality=40&location=origin&w=80&h=80
Wagner Seahawks,https://a.espncdn.com/combiner/i?img=/i/teamlogos/ncaa/500/2681.png&scale=crop&cquality=40&location=origin&w=80&h=80
Eastern Illinois Panthers,https://a.espncdn.com/combiner/i?img=/i/teamlogos/ncaa/500/2197.png&scale=crop&cquality=40&location=origin&w=80&h=80
Lindenwood Lions,https://a.espncdn.com/combiner/i?img=/i/teamlogos/ncaa/500/2815.png&scale=crop&cquality=40&location=origin&w=80&h=80
Little Rock Trojans,https://a.espncdn.com/combiner/i?img=/i/teamlogos/ncaa/500/2031.png&scale=crop&cquality=40&location=origin&w=80&h=80
Morehead State Eagles,https://a.espncdn.com/combiner/i?img=/i/teamlogos/ncaa/500/2413.png&scale=crop&cquality=40&location=origin&w=80&h=80
SIU Edwardsville Cougars,https://a.espncdn.com/combiner/i?img=/i/teamlogos/ncaa/500/2565.png&scale=crop&cquality=40&location=origin&w=80&h=80
Southeast Missouri State Redhawks,https://a.espncdn.com/combiner/i?img=/i/teamlogos/ncaa/500/2546.png&scale=crop&cquality=40&location=origin&w=80&h=80
Southern Indiana Screaming Eagles,https://a.espncdn.com/combiner/i?img=/i/teamlogos/ncaa/500/88.png&scale=crop&cquality=40&location=origin&w=80&h=80
Tennessee State Tigers,https://a.espncdn.com/combiner/i?img=/i/teamlogos/ncaa/500/2634.png&scale=crop&cquality=40&location=origin&w=80&h=80
Tennessee Tech Golden Eagles,https://a.espncdn.com/combiner/i?img=/i/teamlogos/ncaa/500/2635.png&scale=crop&cquality=40&location=origin&w=80&h=80
UT Martin Skyhawks,https://a.espncdn.com/combiner/i?img=/i/teamlogos/ncaa/500/2630.png&scale=crop&cquality=40&location=origin&w=80&h=80
Western Illinois Leathernecks,https://a.espncdn.com/combiner/i?img=/i/teamlogos/ncaa/500/2710.png&scale=crop&cquality=40&location=origin&w=80&h=80
American University Eagles,https://a.espncdn.com/combiner/i?img=/i/teamlogos/ncaa/500/44.png&scale=crop&cquality=40&location=origin&w=80&h=80
Army Black Knights,https://a.espncdn.com/combiner/i?img=/i/teamlogos/ncaa/500/349.png&scale=crop&cquality=40&location=origin&w=80&h=80
Boston University Terriers,https://a.espncdn.com/combiner/i?img=/i/teamlogos/ncaa/500/104.png&scale=crop&cquality=40&location=origin&w=80&h=80
Bucknell Bison,https://a.espncdn.com/combiner/i?img=/i/teamlogos/ncaa/500/2083.png&scale=crop&cquality=40&location=origin&w=80&h=80
Colgate Raiders,https://a.espncdn.com/combiner/i?img=/i/teamlogos/ncaa/500/2142.png&scale=crop&cquality=40&location=origin&w=80&h=80
Holy Cross Crusaders,https://a.espncdn.com/combiner/i?img=/i/teamlogos/ncaa/500/107.png&scale=crop&cquality=40&location=origin&w=80&h=80
Lafayette Leopards,https://a.espncdn.com/combiner/i?img=/i/teamlogos/ncaa/500/322.png&scale=crop&cquality=40&location=origin&w=80&h=80
Lehigh Mountain Hawks,https://a.espncdn.com/combiner/i?img=/i/teamlogos/ncaa/500/2329.png&scale=crop&cquality=40&location=origin&w=80&h=80
Loyola Maryland Greyhounds,https://a.espncdn.com/combiner/i?img=/i/teamlogos/ncaa/500/2352.png&scale=crop&cquality=40&location=origin&w=80&h=80
Navy Midshipmen,https://a.espncdn.com/combiner/i?img=/i/teamlogos/ncaa/500/2426.png&scale=crop&cquality=40&location=origin&w=80&h=80
Alabama Crimson Tide,https://a.espncdn.com/combiner/i?img=/i/teamlogos/ncaa/500/333.png&scale=crop&cquality=40&location=origin&w=80&h=80
Arkansas Razorbacks,https://a.espncdn.com/combiner/i?img=/i/teamlogos/ncaa/500/8.png&scale=crop&cquality=40&location=origin&w=80&h=80
Auburn Tigers,https://a.espncdn.com/combiner/i?img=/i/teamlogos/ncaa/500/2.png&scale=crop&cquality=40&location=origin&w=80&h=80
Florida Gators,https://a.espncdn.com/combiner/i?img=/i/teamlogos/ncaa/500/57.png&scale=crop&cquality=40&location=origin&w=80&h=80
Georgia Bulldogs,https://a.espncdn.com/combiner/i?img=/i/teamlogos/ncaa/500/61.png&scale=crop&cquality=40&location=origin&w=80&h=80
Kentucky Wildcats,https://a.espncdn.com/combiner/i?img=/i/teamlogos/ncaa/500/96.png&scale=crop&cquality=40&location=origin&w=80&h=80
LSU Tigers,https://a.espncdn.com/combiner/i?img=/i/teamlogos/ncaa/500/99.png&scale=crop&cquality=40&location=origin&w=80&h=80
Mississippi State Bulldogs,https://a.espncdn.com/combiner/i?img=/i/teamlogos/ncaa/500/344.png&scale=crop&cquality=40&location=origin&w=80&h=80
Missouri Tigers,https://a.espncdn.com/combiner/i?img=/i/teamlogos/ncaa/500/142.png&scale=crop&cquality=40&location=origin&w=80&h=80
Oklahoma Sooners,https://a.espncdn.com/combiner/i?img=/i/teamlogos/ncaa/500/201.png&scale=crop&cquality=40&location=origin&w=80&h=80
Ole Miss Rebels,https://a.espncdn.com/combiner/i?img=/i/teamlogos/ncaa/500/145.png&scale=crop&cquality=40&location=origin&w=80&h=80
South Carolina Gamecocks,https://a.espncdn.com/combiner/i?img=/i/teamlogos/ncaa/500/2579.png&scale=crop&cquality=40&location=origin&w=80&h=80
Tennessee Volunteers,https://a.espncdn.com/combiner/i?img=/i/teamlogos/ncaa/500/2633.png&scale=crop&cquality=40&location=origin&w=80&h=80
Texas A&M Aggies,https://a.espncdn.com/combiner/i?img=/i/teamlogos/ncaa/500/245.png&scale=crop&cquality=40&location=origin&w=80&h=80
Texas Longhorns,https://a.espncdn.com/combiner/i?img=/i/teamlogos/ncaa/500/251.png&scale=crop&cquality=40&location=origin&w=80&h=80
Vanderbilt Commodores,https://a.espncdn.com/combiner/i?img=/i/teamlogos/ncaa/500/238.png&scale=crop&cquality=40&location=origin&w=80&h=80
Alabama A&M Bulldogs,https://a.espncdn.com/combiner/i?img=/i/teamlogos/ncaa/500/2010.png&scale=crop&cquality=40&location=origin&w=80&h=80
Alabama State Hornets,https://a.espncdn.com/combiner/i?img=/i/teamlogos/ncaa/500/2011.png&scale=crop&cquality=40&location=origin&w=80&h=80
Alcorn State Braves,https://a.espncdn.com/combiner/i?img=/i/teamlogos/ncaa/500/2016.png&scale=crop&cquality=40&location=origin&w=80&h=80
Arkansas-Pine Bluff Golden Lions,https://a.espncdn.com/combiner/i?img=/i/teamlogos/ncaa/500/2029.png&scale=crop&cquality=40&location=origin&w=80&h=80
Bethune-Cookman Wildcats,https://a.espncdn.com/combiner/i?img=/i/teamlogos/ncaa/500/2065.png&scale=crop&cquality=40&location=origin&w=80&h=80
Florida A&M Rattlers,https://a.espncdn.com/combiner/i?img=/i/teamlogos/ncaa/500/50.png&scale=crop&cquality=40&location=origin&w=80&h=80
Grambling Tigers,https://a.espncdn.com/combiner/i?img=/i/teamlogos/ncaa/500/2755.png&scale=crop&cquality=40&location=origin&w=80&h=80
Jackson State Tigers,https://a.espncdn.com/combiner/i?img=/i/teamlogos/ncaa/500/2296.png&scale=crop&cquality=40&location=origin&w=80&h=80
Mississippi Valley State Delta Devils,https://a.espncdn.com/combiner/i?img=/i/teamlogos/ncaa/500/2400.png&scale=crop&cquality=40&location=origin&w=80&h=80
Prairie View A&M Panthers,https://a.espncdn.com/combiner/i?img=/i/teamlogos/ncaa/500/2504.png&scale=crop&cquality=40&location=origin&w=80&h=80
Southern Jaguars,https://a.espncdn.com/combiner/i?img=/i/teamlogos/ncaa/500/2582.png&scale=crop&cquality=40&location=origin&w=80&h=80
Texas Southern Tigers,https://a.espncdn.com/combiner/i?img=/i/teamlogos/ncaa/500/2640.png&scale=crop&cquality=40&location=origin&w=80&h=80
Chattanooga Mocs,https://a.espncdn.com/combiner/i?img=/i/teamlogos/ncaa/500/236.png&scale=crop&cquality=40&location=origin&w=80&h=80
East Tennessee State Buccaneers,https://a.espncdn.com/combiner/i?img=/i/teamlogos/ncaa/500/2193.png&scale=crop&cquality=40&location=origin&w=80&h=80
Furman Paladins,https://a.espncdn.com/combiner/i?img=/i/teamlogos/ncaa/500/231.png&scale=crop&cquality=40&location=origin&w=80&h=80
Mercer Bears,https://a.espncdn.com/combiner/i?img=/i/teamlogos/ncaa/500/2382.png&scale=crop&cquality=40&location=origin&w=80&h=80
Samford Bulldogs,https://a.espncdn.com/combiner/i?img=/i/teamlogos/ncaa/500/2535.png&scale=crop&cquality=40&location=origin&w=80&h=80
The Citadel Bulldogs,https://a.espncdn.com/combiner/i?img=/i/teamlogos/ncaa/500/2643.png&scale=crop&cquality=40&location=origin&w=80&h=80
UNC Greensboro Spartans,https://a.espncdn.com/combiner/i?img=/i/teamlogos/ncaa/500/2430.png&scale=crop&cquality=40&location=origin&w=80&h=80
VMI Keydets,https://a.espncdn.com/combiner/i?img=/i/teamlogos/ncaa/500/2678.png&scale=crop&cquality=40&location=origin&w=80&h=80
Western Carolina Catamounts,https://a.espncdn.com/combiner/i?img=/i/teamlogos/ncaa/500/2717.png&scale=crop&cquality=40&location=origin&w=80&h=80
Wofford Terriers,https://a.espncdn.com/combiner/i?img=/i/teamlogos/ncaa/500/2747.png&scale=crop&cquality=40&location=origin&w=80&h=80
East Texas A&M Lions,https://a.espncdn.com/combiner/i?img=/i/teamlogos/ncaa/500/2837.png&scale=crop&cquality=40&location=origin&w=80&h=80
Houston Christian Huskies,https://a.espncdn.com/combiner/i?img=/i/teamlogos/ncaa/500/2277.png&scale=crop&cquality=40&location=origin&w=80&h=80
Incarnate Word Cardinals,https://a.espncdn.com/combiner/i?img=/i/teamlogos/ncaa/500/2916.png&scale=crop&cquality=40&location=origin&w=80&h=80
Lamar Cardinals,https://a.espncdn.com/combiner/i?img=/i/teamlogos/ncaa/500/2320.png&scale=crop&cquality=40&location=origin&w=80&h=80
McNeese Cowboys,https://a.espncdn.com/combiner/i?img=/i/teamlogos/ncaa/500/2377.png&scale=crop&cquality=40&location=origin&w=80&h=80
New Orleans Privateers,https://a.espncdn.com/combiner/i?img=/i/teamlogos/ncaa/500/2443.png&scale=crop&cquality=40&location=origin&w=80&h=80
Nicholls Colonels,https://a.espncdn.com/combiner/i?img=/i/teamlogos/ncaa/500/2447.png&scale=crop&cquality=40&location=origin&w=80&h=80
Northwestern State Demons,https://a.espncdn.com/combiner/i?img=/i/teamlogos/ncaa/500/2466.png&scale=crop&cquality=40&location=origin&w=80&h=80
SE Louisiana Lions,https://a.espncdn.com/combiner/i?img=/i/teamlogos/ncaa/500/2545.png&scale=crop&cquality=40&location=origin&w=80&h=80
Stephen F. Austin Lumberjacks,https://a.espncdn.com/combiner/i?img=/i/teamlogos/ncaa/500/2617.png&scale=crop&cquality=40&location=origin&w=80&h=80
Texas A&M-Corpus Christi Islanders,https://a.espncdn.com/combiner/i?img=/i/teamlogos/ncaa/500/357.png&scale=crop&cquality=40&location=origin&w=80&h=80
UT Rio Grande Valley Vaqueros,https://a.espncdn.com/combiner/i?img=/i/teamlogos/ncaa/500/292.png&scale=crop&cquality=40&location=origin&w=80&h=80
Denver Pioneers,https://a.espncdn.com/combiner/i?img=/i/teamlogos/ncaa/500/2172.png&scale=crop&cquality=40&location=origin&w=80&h=80
Kansas City Roos,https://a.espncdn.com/combiner/i?img=/i/teamlogos/ncaa/500/140.png&scale=crop&cquality=40&location=origin&w=80&h=80
North Dakota Fighting Hawks,https://a.espncdn.com/combiner/i?img=/i/teamlogos/ncaa/500/155.png&scale=crop&cquality=40&location=origin&w=80&h=80
North Dakota State Bison,https://a.espncdn.com/combiner/i?img=/i/teamlogos/ncaa/500/2449.png&scale=crop&cquality=40&location=origin&w=80&h=80
Omaha Mavericks,https://a.espncdn.com/combiner/i?img=/i/teamlogos/ncaa/500/2437.png&scale=crop&cquality=40&location=origin&w=80&h=80
Oral Roberts Golden Eagles,https://a.espncdn.com/combiner/i?img=/i/teamlogos/ncaa/500/198.png&scale=crop&cquality=40&location=origin&w=80&h=80
South Dakota Coyotes,https://a.espncdn.com/combiner/i?img=/i/teamlogos/ncaa/500/233.png&scale=crop&cquality=40&location=origin&w=80&h=80
South Dakota State Jackrabbits,https://a.espncdn.com/combiner/i?img=/i/teamlogos/ncaa/500/2571.png&scale=crop&cquality=40&location=origin&w=80&h=80
St. Thomas-Minnesota Tommies,https://a.espncdn.com/combiner/i?img=/i/teamlogos/ncaa/500/2900.png&scale=crop&cquality=40&location=origin&w=80&h=80
App State Mountaineers,https://a.espncdn.com/combiner/i?img=/i/teamlogos/ncaa/500/2026.png&scale=crop&cquality=40&location=origin&w=80&h=80
Arkansas State Red Wolves,https://a.espncdn.com/combiner/i?img=/i/teamlogos/ncaa/500/2032.png&scale=crop&cquality=40&location=origin&w=80&h=80
Coastal Carolina Chanticleers,https://a.espncdn.com/combiner/i?img=/i/teamlogos/ncaa/500/324.png&scale=crop&cquality=40&location=origin&w=80&h=80
Georgia Southern Eagles,https://a.espncdn.com/combiner/i?img=/i/teamlogos/ncaa/500/290.png&scale=crop&cquality=40&location=origin&w=80&h=80
Georgia State Panthers,https://a.espncdn.com/combiner/i?img=/i/teamlogos/ncaa/500/2247.png&scale=crop&cquality=40&location=origin&w=80&h=80
James Madison Dukes,https://a.espncdn.com/combiner/i?img=/i/teamlogos/ncaa/500/256.png&scale=crop&cquality=40&location=origin&w=80&h=80
Louisiana Ragin' Cajuns,https://a.espncdn.com/combiner/i?img=/i/teamlogos/ncaa/500/309.png&scale=crop&cquality=40&location=origin&w=80&h=80
Marshall Thundering Herd,https://a.espncdn.com/combiner/i?img=/i/teamlogos/ncaa/500/276.png&scale=crop&cquality=40&location=origin&w=80&h=80
Old Dominion Monarchs,https://a.espncdn.com/combiner/i?img=/i/teamlogos/ncaa/500/295.png&scale=crop&cquality=40&location=origin&w=80&h=80
South Alabama Jaguars,https://a.espncdn.com/combiner/i?img=/i/teamlogos/ncaa/500/6.png&scale=crop&cquality=40&location=origin&w=80&h=80
Southern Miss Golden Eagles,https://a.espncdn.com/combiner/i?img=/i/teamlogos/ncaa/500/2572.png&scale=crop&cquality=40&location=origin&w=80&h=80
Texas State Bobcats,https://a.espncdn.com/combiner/i?img=/i/teamlogos/ncaa/500/326.png&scale=crop&cquality=40&location=origin&w=80&h=80
Troy Trojans,https://a.espncdn.com/combiner/i?img=/i/teamlogos/ncaa/500/2653.png&scale=crop&cquality=40&location=origin&w=80&h=80
UL Monroe Warhawks,https://a.espncdn.com/combiner/i?img=/i/teamlogos/ncaa/500/2433.png&scale=crop&cquality=40&location=origin&w=80&h=80
Abilene Christian Wildcats,https://a.espncdn.com/combiner/i?img=/i/teamlogos/ncaa/500/2000.png&scale=crop&cquality=40&location=origin&w=80&h=80
California Baptist Lancers,https://a.espncdn.com/combiner/i?img=/i/teamlogos/ncaa/500/2856.png&scale=crop&cquality=40&location=origin&w=80&h=80
Grand Canyon Lopes,https://a.espncdn.com/combiner/i?img=/i/teamlogos/ncaa/500/2253.png&scale=crop&cquality=40&location=origin&w=80&h=80
Seattle U Redhawks,https://a.espncdn.com/combiner/i?img=/i/teamlogos/ncaa/500/2547.png&scale=crop&cquality=40&location=origin&w=80&h=80
Southern Utah Thunderbirds,https://a.espncdn.com/combiner/i?img=/i/teamlogos/ncaa/500/253.png&scale=crop&cquality=40&location=origin&w=80&h=80
Tarleton State Texans,https://a.espncdn.com/combiner/i?img=/i/teamlogos/ncaa/500/2627.png&scale=crop&cquality=40&location=origin&w=80&h=80
UT Arlington Mavericks,https://a.espncdn.com/combiner/i?img=/i/teamlogos/ncaa/500/250.png&scale=crop&cquality=40&location=origin&w=80&h=80
Utah Tech Trailblazers,https://a.espncdn.com/combiner/i?img=/i/teamlogos/ncaa/500/3101.png&scale=crop&cquality=40&location=origin&w=80&h=80
Utah Valley Wolverines,https://a.espncdn.com/combiner/i?img=/i/teamlogos/ncaa/500/3084.png&scale=crop&cquality=40&location=origin&w=80&h=80
Gonzaga Bulldogs,https://a.espncdn.com/combiner/i?img=/i/teamlogos/ncaa/500/2250.png&scale=crop&cquality=40&location=origin&w=80&h=80
Loyola Marymount Lions,https://a.espncdn.com/combiner/i?img=/i/teamlogos/ncaa/500/2351.png&scale=crop&cquality=40&location=origin&w=80&h=80
Oregon State Beavers,https://a.espncdn.com/combiner/i?img=/i/teamlogos/ncaa/500/204.png&scale=crop&cquality=40&location=origin&w=80&h=80
Pacific Tigers,https://a.espncdn.com/combiner/i?img=/i/teamlogos/ncaa/500/279.png&scale=crop&cquality=40&location=origin&w=80&h=80
Pepperdine Waves,https://a.espncdn.com/combiner/i?img=/i/teamlogos/ncaa/500/2492.png&scale=crop&cquality=40&location=origin&w=80&h=80
Portland Pilots,https://a.espncdn.com/combiner/i?img=/i/teamlogos/ncaa/500/2501.png&scale=crop&cquality=40&location=origin&w=80&h=80
Saint Mary's Gaels,https://a.espncdn.com/combiner/i?img=/i/teamlogos/ncaa/500/2608.png&scale=crop&cquality=40&location=origin&w=80&h=80
San Diego Toreros,https://a.espncdn.com/combiner/i?img=/i/teamlogos/ncaa/500/301.png&scale=crop&cquality=40&location=origin&w=80&h=80
San Francisco Dons,https://a.espncdn.com/combiner/i?img=/i/teamlogos/ncaa/500/2539.png&scale=crop&cquality=40&location=origin&w=80&h=80
Santa Clara Broncos,https://a.espncdn.com/combiner/i?img=/i/teamlogos/ncaa/500/2541.png&scale=crop&cquality=40&location=origin&w=80&h=80
Washington State Cougars,https://a.espncdn.com/combiner/i?img=/i/teamlogos/ncaa/500/265.png&scale=crop&cquality=40&location=origin&w=80&h=80
Boston College Eagles,https://a.espncdn.com/combiner/i?img=/i/teamlogos/ncaa/500/103.png&scale=crop&cquality=40&location=origin&w=80&h=80
California Golden Bears,https://a.espncdn.com/combiner/i?img=/i/teamlogos/ncaa/500/25.png&scale=crop&cquality=40&location=origin&w=80&h=80
Clemson Tigers,https://a.espncdn.com/combiner/i?img=/i/teamlogos/ncaa/500/228.png&scale=crop&cquality=40&location=origin&w=80&h=80
Duke Blue Devils,https://a.espncdn.com/combiner/i?img=/i/teamlogos/ncaa/500/150.png&scale=crop&cquality=40&location=origin&w=80&h=80
Florida State Seminoles,https://a.espncdn.com/combiner/i?img=/i/teamlogos/ncaa/500/52.png&scale=crop&cquality=40&location=origin&w=80&h=80
Georgia Tech Yellow Jackets,https://a.espncdn.com/combiner/i?img=/i/teamlogos/ncaa/500/59.png&scale=crop&cquality=40&location=origin&w=80&h=80
Louisville Cardinals,https://a.espncdn.com/combiner/i?img=/i/teamlogos/ncaa/500/97.png&scale=crop&cquality=40&location=origin&w=80&h=80
Miami Hurricanes,https://a.espncdn.com/combiner/i?img=/i/teamlogos/ncaa/500/2390.png&scale=crop&cquality=40&location=origin&w=80&h=80
NC State Wolfpack,https://a.espncdn.com/combiner/i?img=/i/teamlogos/ncaa/500/152.png&scale=crop&cquality=40&location=origin&w=80&h=80
North Carolina Tar Heels,https://a.espncdn.com/combiner/i?img=/i/teamlogos/ncaa/500/153.png&scale=crop&cquality=40&location=origin&w=80&h=80
Notre Dame Fighting Irish,https://a.espncdn.com/combiner/i?img=/i/teamlogos/ncaa/500/87.png&scale=crop&cquality=40&location=origin&w=80&h=80
Pittsburgh Panthers,https://a.espncdn.com/combiner/i?img=/i/teamlogos/ncaa/500/221.png&scale=crop&cquality=40&location=origin&w=80&h=80
SMU Mustangs,https://a.espncdn.com/combiner/i?img=/i/teamlogos/ncaa/500/2567.png&scale=crop&cquality=40&location=origin&w=80&h=80
Stanford Cardinal,https://a.espncdn.com/combiner/i?img=/i/teamlogos/ncaa/500/24.png&scale=crop&cquality=40&location=origin&w=80&h=80
Syracuse Orange,https://a.espncdn.com/combiner/i?img=/i/teamlogos/ncaa/500/183.png&scale=crop&cquality=40&location=origin&w=80&h=80
Virginia Cavaliers,https://a.espncdn.com/combiner/i?img=/i/teamlogos/ncaa/500/258.png&scale=crop&cquality=40&location=origin&w=80&h=80
Virginia Tech Hokies,https://a.espncdn.com/combiner/i?img=/i/teamlogos/ncaa/500/259.png&scale=crop&cquality=40&location=origin&w=80&h=80
Wake Forest Demon Deacons,https://a.espncdn.com/combiner/i?img=/i/teamlogos/ncaa/500/154.png&scale=crop&cquality=40&location=origin&w=80&h=80
Austin Peay Governors,https://a.espncdn.com/combiner/i?img=/i/teamlogos/ncaa/500/2046.png&scale=crop&cquality=40&location=origin&w=80&h=80
Bellarmine Knights,https://a.espncdn.com/combiner/i?img=/i/teamlogos/ncaa/500/91.png&scale=crop&cquality=40&location=origin&w=80&h=80
Central Arkansas Bears,https://a.espncdn.com/combiner/i?img=/i/teamlogos/ncaa/500/2110.png&scale=crop&cquality=40&location=origin&w=80&h=80
Eastern Kentucky Colonels,https://a.espncdn.com/combiner/i?img=/i/teamlogos/ncaa/500/2198.png&scale=crop&cquality=40&location=origin&w=80&h=80
Florida Gulf Coast Eagles,https://a.espncdn.com/combiner/i?img=/i/teamlogos/ncaa/500/526.png&scale=crop&cquality=40&location=origin&w=80&h=80
Jacksonville Dolphins,https://a.espncdn.com/combiner/i?img=/i/teamlogos/ncaa/500/294.png&scale=crop&cquality=40&location=origin&w=80&h=80
Lipscomb Bisons,https://a.espncdn.com/combiner/i?img=/i/teamlogos/ncaa/500/288.png&scale=crop&cquality=40&location=origin&w=80&h=80
North Alabama Lions,https://a.espncdn.com/combiner/i?img=/i/teamlogos/ncaa/500/2453.png&scale=crop&cquality=40&location=origin&w=80&h=80
North Florida Ospreys,https://a.espncdn.com/combiner/i?img=/i/teamlogos/ncaa/500/2454.png&scale=crop&cquality=40&location=origin&w=80&h=80
Queens University Royals,https://a.espncdn.com/combiner/i?img=/i/teamlogos/ncaa/500/2511.png&scale=crop&cquality=40&location=origin&w=80&h=80
Stetson Hatters,https://a.espncdn.com/combiner/i?img=/i/teamlogos/ncaa/500/56.png&scale=crop&cquality=40&location=origin&w=80&h=80
West Georgia Wolves,https://a.espncdn.com/combiner/i?img=/i/teamlogos/ncaa/500/2698.png&scale=crop&cquality=40&location=origin&w=80&h=80
Binghamton Bearcats,https://a.espncdn.com/combiner/i?img=/i/teamlogos/ncaa/500/2066.png&scale=crop&cquality=40&location=origin&w=80&h=80
Bryant Bulldogs,https://a.espncdn.com/combiner/i?img=/i/teamlogos/ncaa/500/2803.png&scale=crop&cquality=40&location=origin&w=80&h=80
Maine Black Bears,https://a.espncdn.com/combiner/i?img=/i/teamlogos/ncaa/500/311.png&scale=crop&cquality=40&location=origin&w=80&h=80
NJIT Highlanders,https://a.espncdn.com/combiner/i?img=/i/teamlogos/ncaa/500/2885.png&scale=crop&cquality=40&location=origin&w=80&h=80
New Hampshire Wildcats,https://a.espncdn.com/combiner/i?img=/i/teamlogos/ncaa/500/160.png&scale=crop&cquality=40&location=origin&w=80&h=80
UAlbany Great Danes,https://a.espncdn.com/combiner/i?img=/i/teamlogos/ncaa/500/399.png&scale=crop&cquality=40&location=origin&w=80&h=80
UMBC Retrievers,https://a.espncdn.com/combiner/i?img=/i/teamlogos/ncaa/500/2378.png&scale=crop&cquality=40&location=origin&w=80&h=80
UMass Lowell River Hawks,https://a.espncdn.com/combiner/i?img=/i/teamlogos/ncaa/500/2349.png&scale=crop&cquality=40&location=origin&w=80&h=80
Vermont Catamounts,https://a.espncdn.com/combiner/i?img=/i/teamlogos/ncaa/500/261.png&scale=crop&cquality=40&location=origin&w=80&h=80
Charlotte 49ers,https://a.espncdn.com/combiner/i?img=/i/teamlogos/ncaa/500/2429.png&scale=crop&cquality=40&location=origin&w=80&h=80
East Carolina Pirates,https://a.espncdn.com/combiner/i?img=/i/teamlogos/ncaa/500/151.png&scale=crop&cquality=40&location=origin&w=80&h=80
Florida Atlantic Owls,https://a.espncdn.com/combiner/i?img=/i/teamlogos/ncaa/500/2226.png&scale=crop&cquality=40&location=origin&w=80&h=80
Memphis Tigers,https://a.espncdn.com/combiner/i?img=/i/teamlogos/ncaa/500/235.png&scale=crop&cquality=40&location=origin&w=80&h=80
North Texas Mean Green,https://a.espncdn.com/combiner/i?img=/i/teamlogos/ncaa/500/249.png&scale=crop&cquality=40&location=origin&w=80&h=80
Rice Owls,https://a.espncdn.com/combiner/i?img=/i/teamlogos/ncaa/500/242.png&scale=crop&cquality=40&location=origin&w=80&h=80
South Florida Bulls,https://a.espncdn.com/combiner/i?img=/i/teamlogos/ncaa/500/58.png&scale=crop&cquality=40&location=origin&w=80&h=80
Temple Owls,https://a.espncdn.com/combiner/i?img=/i/teamlogos/ncaa/500/218.png&scale=crop&cquality=40&location=origin&w=80&h=80
Tulane Green Wave,https://a.espncdn.com/combiner/i?img=/i/teamlogos/ncaa/500/2655.png&scale=crop&cquality=40&location=origin&w=80&h=80
Tulsa Golden Hurricane,https://a.espncdn.com/combiner/i?img=/i/teamlogos/ncaa/500/202.png&scale=crop&cquality=40&location=origin&w=80&h=80
UAB Blazers,https://a.espncdn.com/combiner/i?img=/i/teamlogos/ncaa/500/5.png&scale=crop&cquality=40&location=origin&w=80&h=80
UTSA Roadrunners,https://a.espncdn.com/combiner/i?img=/i/teamlogos/ncaa/500/2636.png&scale=crop&cquality=40&location=origin&w=80&h=80
Wichita State Shockers,https://a.espncdn.com/combiner/i?img=/i/teamlogos/ncaa/500/2724.png&scale=crop&cquality=40&location=origin&w=80&h=80
Davidson Wildcats,https://a.espncdn.com/combiner/i?img=/i/teamlogos/ncaa/500/2166.png&scale=crop&cquality=40&location=origin&w=80&h=80
Dayton Flyers,https://a.espncdn.com/combiner/i?img=/i/teamlogos/ncaa/500/2168.png&scale=crop&cquality=40&location=origin&w=80&h=80
Duquesne Dukes,https://a.espncdn.com/combiner/i?img=/i/teamlogos/ncaa/500/2184.png&scale=crop&cquality=40&location=origin&w=80&h=80
Fordham Rams,https://a.espncdn.com/combiner/i?img=/i/teamlogos/ncaa/500/2230.png&scale=crop&cquality=40&location=origin&w=80&h=80
George Mason Patriots,https://a.espncdn.com/combiner/i?img=/i/teamlogos/ncaa/500/2244.png&scale=crop&cquality=40&location=origin&w=80&h=80
George Washington Revolutionaries,https://a.espncdn.com/combiner/i?img=/i/teamlogos/ncaa/500/45.png&scale=crop&cquality=40&location=origin&w=80&h=80
La Salle Explorers,https://a.espncdn.com/combiner/i?img=/i/teamlogos/ncaa/500/2325.png&scale=crop&cquality=40&location=origin&w=80&h=80
Loyola Chicago Ramblers,https://a.espncdn.com/combiner/i?img=/i/teamlogos/ncaa/500/2350.png&scale=crop&cquality=40&location=origin&w=80&h=80
Massachusetts Minutemen,https://a.espncdn.com/combiner/i?img=/i/teamlogos/ncaa/500/113.png&scale=crop&cquality=40&location=origin&w=80&h=80
Rhode Island Rams,https://a.espncdn.com/combiner/i?img=/i/teamlogos/ncaa/500/227.png&scale=crop&cquality=40&location=origin&w=80&h=80
Richmond Spiders,https://a.espncdn.com/combiner/i?img=/i/teamlogos/ncaa/500/257.png&scale=crop&cquality=40&location=origin&w=80&h=80
Saint Joseph's Hawks,https://a.espncdn.com/combiner/i?img=/i/teamlogos/ncaa/500/2603.png&scale=crop&cquality=40&location=origin&w=80&h=80
Saint Louis Billikens,https://a.espncdn.com/combiner/i?img=/i/teamlogos/ncaa/500/139.png&scale=crop&cquality=40&location=origin&w=80&h=80
St. Bonaventure Bonnies,https://a.espncdn.com/combiner/i?img=/i/teamlogos/ncaa/500/179.png&scale=crop&cquality=40&location=origin&w=80&h=80
VCU Rams,https://a.espncdn.com/combiner/i?img=/i/teamlogos/ncaa/500/2670.png&scale=crop&cquality=40&location=origin&w=80&h=80
Arizona State Sun Devils,https://a.espncdn.com/combiner/i?img=/i/teamlogos/ncaa/500/9.png&scale=crop&cquality=40&location=origin&w=80&h=80
Arizona Wildcats,https://a.espncdn.com/combiner/i?img=/i/teamlogos/ncaa/500/12.png&scale=crop&cquality=40&location=origin&w=80&h=80
BYU Cougars,https://a.espncdn.com/combiner/i?img=/i/teamlogos/ncaa/500/252.png&scale=crop&cquality=40&location=origin&w=80&h=80
Baylor Bears,https://a.espncdn.com/combiner/i?img=/i/teamlogos/ncaa/500/239.png&scale=crop&cquality=40&location=origin&w=80&h=80
Cincinnati Bearcats,https://a.espncdn.com/combiner/i?img=/i/teamlogos/ncaa/500/2132.png&scale=crop&cquality=40&location=origin&w=80&h=80
Colorado Buffaloes,https://a.espncdn.com/combiner/i?img=/i/teamlogos/ncaa/500/38.png&scale=crop&cquality=40&location=origin&w=80&h=80
Houston Cougars,https://a.espncdn.com/combiner/i?img=/i/teamlogos/ncaa/500/248.png&scale=crop&cquality=40&location=origin&w=80&h=80
Iowa State Cyclones,https://a.espncdn.com/combiner/i?img=/i/teamlogos/ncaa/500/66.png&scale=crop&cquality=40&location=origin&w=80&h=80
Kansas Jayhawks,https://a.espncdn.com/combiner/i?img=/i/teamlogos/ncaa/500/2305.png&scale=crop&cquality=40&location=origin&w=80&h=80
Kansas State Wildcats,https://a.espncdn.com/combiner/i?img=/i/teamlogos/ncaa/500/2306.png&scale=crop&cquality=40&location=origin&w=80&h=80
Oklahoma State Cowboys,https://a.espncdn.com/combiner/i?img=/i/teamlogos/ncaa/500/197.png&scale=crop&cquality=40&location=origin&w=80&h=80
TCU Horned Frogs,https://a.espncdn.com/combiner/i?img=/i/teamlogos/ncaa/500/2628.png&scale=crop&cquality=40&location=origin&w=80&h=80
Texas Tech Red Raiders,https://a.espncdn.com/combiner/i?img=/i/teamlogos/ncaa/500/2641.png&scale=crop&cquality=40&location=origin&w=80&h=80
UCF Knights,https://a.espncdn.com/combiner/i?img=/i/teamlogos/ncaa/500/2116.png&scale=crop&cquality=40&location=origin&w=80&h=80
Utah Utes,https://a.espncdn.com/combiner/i?img=/i/teamlogos/ncaa/500/254.png&scale=crop&cquality=40&location=origin&w=80&h=80
West Virginia Mountaineers,https://a.espncdn.com/combiner/i?img=/i/teamlogos/ncaa/500/277.png&scale=crop&cquality=40&location=origin&w=80&h=80
Butler Bulldogs,https://a.espncdn.com/combiner/i?img=/i/teamlogos/ncaa/500/2086.png&scale=crop&cquality=40&location=origin&w=80&h=80
Creighton Bluejays,https://a.espncdn.com/combiner/i?img=/i/teamlogos/ncaa/500/156.png&scale=crop&cquality=40&location=origin&w=80&h=80
DePaul Blue Demons,https://a.espncdn.com/combiner/i?img=/i/teamlogos/ncaa/500/305.png&scale=crop&cquality=40&location=origin&w=80&h=80
Georgetown Hoyas,https://a.espncdn.com/combiner/i?img=/i/teamlogos/ncaa/500/46.png&scale=crop&cquality=40&location=origin&w=80&h=80
Marquette Golden Eagles,https://a.espncdn.com/combiner/i?img=/i/teamlogos/ncaa/500/269.png&scale=crop&cquality=40&location=origin&w=80&h=80
Providence Friars,https://a.espncdn.com/combiner/i?img=/i/teamlogos/ncaa/500/2507.png&scale=crop&cquality=40&location=origin&w=80&h=80
Seton Hall Pirates,https://a.espncdn.com/combiner/i?img=/i/teamlogos/ncaa/500/2550.png&scale=crop&cquality=40&location=origin&w=80&h=80
St. John's Red Storm,https://a.espncdn.com/combiner/i?img=/i/teamlogos/ncaa/500/2599.png&scale=crop&cquality=40&location=origin&w=80&h=80
UConn Huskies,https://a.espncdn.com/combiner/i?img=/i/teamlogos/ncaa/500/41.png&scale=crop&cquality=40&location=origin&w=80&h=80
Villanova Wildcats,https://a.espncdn.com/combiner/i?img=/i/teamlogos/ncaa/500/222.png&scale=crop&cquality=40&location=origin&w=80&h=80
Xavier Musketeers,https://a.espncdn.com/combiner/i?img=/i/teamlogos/ncaa/500/2752.png&scale=crop&cquality=40&location=origin&w=80&h=80
Eastern Washington Eagles,https://a.espncdn.com/combiner/i?img=/i/teamlogos/ncaa/500/331.png&scale=crop&cquality=40&location=origin&w=80&h=80
Idaho State Bengals,https://a.espncdn.com/combiner/i?img=/i/teamlogos/ncaa/500/304.png&scale=crop&cquality=40&location=origin&w=80&h=80
Idaho Vandals,https://a.espncdn.com/combiner/i?img=/i/teamlogos/ncaa/500/70.png&scale=crop&cquality=40&location=origin&w=80&h=80
Montana Grizzlies,https://a.espncdn.com/combiner/i?img=/i/teamlogos/ncaa/500/149.png&scale=crop&cquality=40&location=origin&w=80&h=80
Montana State Bobcats,https://a.espncdn.com/combiner/i?img=/i/teamlogos/ncaa/500/147.png&scale=crop&cquality=40&location=origin&w=80&h=80
Northern Arizona Lumberjacks,https://a.espncdn.com/combiner/i?img=/i/teamlogos/ncaa/500/2464.png&scale=crop&cquality=40&location=origin&w=80&h=80
Northern Colorado Bears,https://a.espncdn.com/combiner/i?img=/i/teamlogos/ncaa/500/2458.png&scale=crop&cquality=40&location=origin&w=80&h=80
Portland State Vikings,https://a.espncdn.com/combiner/i?img=/i/teamlogos/ncaa/500/2502.png&scale=crop&cquality=40&location=origin&w=80&h=80
Sacramento State Hornets,https://a.espncdn.com/combiner/i?img=/i/teamlogos/ncaa/500/16.png&scale=crop&cquality=40&location=origin&w=80&h=80
Weber State Wildcats,https://a.espncdn.com/combiner/i?img=/i/teamlogos/ncaa/500/2692.png&scale=crop&cquality=40&location=origin&w=80&h=80
Charleston Southern Buccaneers,https://a.espncdn.com/combiner/i?img=/i/teamlogos/ncaa/500/2127.png&scale=crop&cquality=40&location=origin&w=80&h=80
Gardner-Webb Runnin' Bulldogs,https://a.espncdn.com/combiner/i?img=/i/teamlogos/ncaa/500/2241.png&scale=crop&cquality=40&location=origin&w=80&h=80
High Point Panthers,https://a.espncdn.com/combiner/i?img=/i/teamlogos/ncaa/500/2272.png&scale=crop&cquality=40&location=origin&w=80&h=80
Longwood Lancers,https://a.espncdn.com/combiner/i?img=/i/teamlogos/ncaa/500/2344.png&scale=crop&cquality=40&location=origin&w=80&h=80
Presbyterian Blue Hose,https://a.espncdn.com/combiner/i?img=/i/teamlogos/ncaa/500/2506.png&scale=crop&cquality=40&location=origin&w=80&h=80
Radford Highlanders,https://a.espncdn.com/combiner/i?img=/i/teamlogos/ncaa/500/2515.png&scale=crop&cquality=40&location=origin&w=80&h=80
South Carolina Upstate Spartans,https://a.espncdn.com/combiner/i?img=/i/teamlogos/ncaa/500/2908.png&scale=crop&cquality=40&location=origin&w=80&h=80
UNC Asheville Bulldogs,https://a.espncdn.com/combiner/i?img=/i/teamlogos/ncaa/500/2427.png&scale=crop&cquality=40&location=origin&w=80&h=80
Winthrop Eagles,https://a.espncdn.com/combiner/i?img=/i/teamlogos/ncaa/500/2737.png&scale=crop&cquality=40&location=origin&w=80&h=80
Illinois Fighting Illini,https://a.espncdn.com/combiner/i?img=/i/teamlogos/ncaa/500/356.png&scale=crop&cquality=40&location=origin&w=80&h=80
Indiana Hoosiers,https://a.espncdn.com/combiner/i?img=/i/teamlogos/ncaa/500/84.png&scale=crop&cquality=40&location=origin&w=80&h=80
Iowa Hawkeyes,https://a.espncdn.com/combiner/i?img=/i/teamlogos/ncaa/500/2294.png&scale=crop&cquality=40&location=origin&w=80&h=80
Maryland Terrapins,https://a.espncdn.com/combiner/i?img=/i/teamlogos/ncaa/500/120.png&scale=crop&cquality=40&location=origin&w=80&h=80
Michigan State Spartans,https://a.espncdn.com/combiner/i?img=/i/teamlogos/ncaa/500/127.png&scale=crop&cquality=40&location=origin&w=80&h=80
Michigan Wolverines,https://a.espncdn.com/combiner/i?img=/i/teamlogos/ncaa/500/130.png&scale=crop&cquality=40&location=origin&w=80&h=80
Minnesota Golden Gophers,https://a.espncdn.com/combiner/i?img=/i/teamlogos/ncaa/500/135.png&scale=crop&cquality=40&location=origin&w=80&h=80
Nebraska Cornhuskers,https://a.espncdn.com/combiner/i?img=/i/teamlogos/ncaa/500/158.png&scale=crop&cquality=40&location=origin&w=80&h=80
Northwestern Wildcats,https://a.espncdn.com/combiner/i?img=/i/teamlogos/ncaa/500/77.png&scale=crop&cquality=40&location=origin&w=80&h=80
Ohio State Buckeyes,https://a.espncdn.com/combiner/i?img=/i/teamlogos/ncaa/500/194.png&scale=crop&cquality=40&location=origin&w=80&h=80
Oregon Ducks,https://a.espncdn.com/combiner/i?img=/i/teamlogos/ncaa/500/2483.png&scale=crop&cquality=40&location=origin&w=80&h=80
Penn State Nittany Lions,https://a.espncdn.com/combiner/i?img=/i/teamlogos/ncaa/500/213.png&scale=crop&cquality=40&location=origin&w=80&h=80
Purdue Boilermakers,https://a.espncdn.com/combiner/i?img=/i/teamlogos/ncaa/500/2509.png&scale=crop&cquality=40&location=origin&w=80&h=80
Rutgers Scarlet Knights,https://a.espncdn.com/combiner/i?img=/i/teamlogos/ncaa/500/164.png&scale=crop&cquality=40&location=origin&w=80&h=80
UCLA Bruins,https://a.espncdn.com/combiner/i?img=/i/teamlogos/ncaa/500/26.png&scale=crop&cquality=40&location=origin&w=80&h=80
USC Trojans,https://a.espncdn.com/combiner/i?img=/i/teamlogos/ncaa/500/30.png&scale=crop&cquality=40&location=origin&w=80&h=80
Washington Huskies,https://a.espncdn.com/combiner/i?img=/i/teamlogos/ncaa/500/264.png&scale=crop&cquality=40&location=origin&w=80&h=80
Wisconsin Badgers,https://a.espncdn.com/combiner/i?img=/i/teamlogos/ncaa/500/275.png&scale=crop&cquality=40&location=origin&w=80&h=80
Cal Poly Mustangs,https://a.espncdn.com/combiner/i?img=/i/teamlogos/ncaa/500/13.png&scale=crop&cquality=40&location=origin&w=80&h=80
Cal State Bakersfield Roadrunners,https://a.espncdn.com/combiner/i?img=/i/teamlogos/ncaa/500/2934.png&scale=crop&cquality=40&location=origin&w=80&h=80
Cal State Fullerton Titans,https://a.espncdn.com/combiner/i?img=/i/teamlogos/ncaa/500/2239.png&scale=crop&cquality=40&location=origin&w=80&h=80
Cal State Northridge Matadors,https://a.espncdn.com/combiner/i?img=/i/teamlogos/ncaa/500/2463.png&scale=crop&cquality=40&location=origin&w=80&h=80
Hawai'i Rainbow Warriors,https://a.espncdn.com/combiner/i?img=/i/teamlogos/ncaa/500/62.png&scale=crop&cquality=40&location=origin&w=80&h=80
Long Beach State Beach,https://a.espncdn.com/combiner/i?img=/i/teamlogos/ncaa/500/299.png&scale=crop&cquality=40&location=origin&w=80&h=80
UC Davis Aggies,https://a.espncdn.com/combiner/i?img=/i/teamlogos/ncaa/500/302.png&scale=crop&cquality=40&location=origin&w=80&h=80
UC Irvine Anteaters,https://a.espncdn.com/combiner/i?img=/i/teamlogos/ncaa/500/300.png&scale=crop&cquality=40&location=origin&w=80&h=80
UC Riverside Highlanders,https://a.espncdn.com/combiner/i?img=/i/teamlogos/ncaa/500/27.png&scale=crop&cquality=40&location=origin&w=80&h=80
UC San Diego Tritons,https://a.espncdn.com/combiner/i?img=/i/teamlogos/ncaa/500/28.png&scale=crop&cquality=40&location=origin&w=80&h=80
UC Santa Barbara Gauchos,https://a.espncdn.com/combiner/i?img=/i/teamlogos/ncaa/500/2540.png&scale=crop&cquality=40&location=origin&w=80&h=80
Campbell Fighting Camels,https://a.espncdn.com/combiner/i?img=/i/teamlogos/ncaa/500/2097.png&scale=crop&cquality=40&location=origin&w=80&h=80
Charleston Cougars,https://a.espncdn.com/combiner/i?img=/i/teamlogos/ncaa/500/232.png&scale=crop&cquality=40&location=origin&w=80&h=80
Delaware Blue Hens,https://a.espncdn.com/combiner/i?img=/i/teamlogos/ncaa/500/48.png&scale=crop&cquality=40&location=origin&w=80&h=80
Drexel Dragons,https://a.espncdn.com/combiner/i?img=/i/teamlogos/ncaa/500/2182.png&scale=crop&cquality=40&location=origin&w=80&h=80
Elon Phoenix,https://a.espncdn.com/combiner/i?img=/i/teamlogos/ncaa/500/2210.png&scale=crop&cquality=40&location=origin&w=80&h=80
Hampton Pirates,https://a.espncdn.com/combiner/i?img=/i/teamlogos/ncaa/500/2261.png&scale=crop&cquality=40&location=origin&w=80&h=80
Hofstra Pride,https://a.espncdn.com/combiner/i?img=/i/teamlogos/ncaa/500/2275.png&scale=crop&cquality=40&location=origin&w=80&h=80
Monmouth Hawks,https://a.espncdn.com/combiner/i?img=/i/teamlogos/ncaa/500/2405.png&scale=crop&cquality=40&location=origin&w=80&h=80
North Carolina A&T Aggies,https://a.espncdn.com/combiner/i?img=/i/teamlogos/ncaa/500/2448.png&scale=crop&cquality=40&location=origin&w=80&h=80
Northeastern Huskies,https://a.espncdn.com/combiner/i?img=/i/teamlogos/ncaa/500/111.png&scale=crop&cquality=40&location=origin&w=80&h=80
Stony Brook Seawolves,https://a.espncdn.com/combiner/i?img=/i/teamlogos/ncaa/500/2619.png&scale=crop&cquality=40&location=origin&w=80&h=80
Towson Tigers,https://a.espncdn.com/combiner/i?img=/i/teamlogos/ncaa/500/119.png&scale=crop&cquality=40&location=origin&w=80&h=80
UNC Wilmington Seahawks,https://a.espncdn.com/combiner/i?img=/i/teamlogos/ncaa/500/350.png&scale=crop&cquality=40&location=origin&w=80&h=80
William & Mary Tribe,https://a.espncdn.com/combiner/i?img=/i/teamlogos/ncaa/500/2729.png&scale=crop&cquality=40&location=origin&w=80&h=80
Florida International Panthers,https://a.espncdn.com/combiner/i?img=/i/teamlogos/ncaa/500/2229.png&scale=crop&cquality=40&location=origin&w=80&h=80
Jacksonville State Gamecocks,https://a.espncdn.com/combiner/i?img=/i/teamlogos/ncaa/500/55.png&scale=crop&cquality=40&location=origin&w=80&h=80
Kennesaw State Owls,https://a.espncdn.com/combiner/i?img=/i/teamlogos/ncaa/500/338.png&scale=crop&cquality=40&location=origin&w=80&h=80
Liberty Flames,https://a.espncdn.com/combiner/i?img=/i/teamlogos/ncaa/500/2335.png&scale=crop&cquality=40&location=origin&w=80&h=80
Louisiana Tech Bulldogs,https://a.espncdn.com/combiner/i?img=/i/teamlogos/ncaa/500/2348.png&scale=crop&cquality=40&location=origin&w=80&h=80
Middle Tennessee Blue Raiders,https://a.espncdn.com/combiner/i?img=/i/teamlogos/ncaa/500/2393.png&scale=crop&cquality=40&location=origin&w=80&h=80
New Mexico State Aggies,https://a.espncdn.com/combiner/i?img=/i/teamlogos/ncaa/500/166.png&scale=crop&cquality=40&location=origin&w=80&h=80
Sam Houston Bearkats,https://a.espncdn.com/combiner/i?img=/i/teamlogos/ncaa/500/2534.png&scale=crop&cquality=40&location=origin&w=80&h=80
UTEP Miners,https://a.espncdn.com/combiner/i?img=/i/teamlogos/ncaa/500/2638.png&scale=crop&cquality=40&location=origin&w=80&h=80
Western Kentucky Hilltoppers,https://a.espncdn.com/combiner/i?img=/i/teamlogos/ncaa/500/98.png&scale=crop&cquality=40&location=origin&w=80&h=80
Cleveland State Vikings,https://a.espncdn.com/combiner/i?img=/i/teamlogos/ncaa/500/325.png&scale=crop&cquality=40&location=origin&w=80&h=80
Detroit Mercy Titans,https://a.espncdn.com/combiner/i?img=/i/teamlogos/ncaa/500/2174.png&scale=crop&cquality=40&location=origin&w=80&h=80
Green Bay Phoenix,https://a.espncdn.com/combiner/i?img=/i/teamlogos/ncaa/500/2739.png&scale=crop&cquality=40&location=origin&w=80&h=80
IU Indianapolis Jaguars,https://a.espncdn.com/combiner/i?img=/i/teamlogos/ncaa/500/85.png&scale=crop&cquality=40&location=origin&w=80&h=80
Milwaukee Panthers,https://a.espncdn.com/combiner/i?img=/i/teamlogos/ncaa/500/270.png&scale=crop&cquality=40&location=origin&w=80&h=80
Northern Kentucky Norse,https://a.espncdn.com/combiner/i?img=/i/teamlogos/ncaa/500/94.png&scale=crop&cquality=40&location=origin&w=80&h=80
Oakland Golden Grizzlies,https://a.espncdn.com/combiner/i?img=/i/teamlogos/ncaa/500/2473.png&scale=crop&cquality=40&location=origin&w=80&h=80
Purdue Fort Wayne Mastodons,https://a.espncdn.com/combiner/i?img=/i/teamlogos/ncaa/500/2870.png&scale=crop&cquality=40&location=origin&w=80&h=80
Robert Morris Colonials,https://a.espncdn.com/combiner/i?img=/i/teamlogos/ncaa/500/2523.png&scale=crop&cquality=40&location=origin&w=80&h=80
Wright State Raiders,https://a.espncdn.com/combiner/i?img=/i/teamlogos/ncaa/500/2750.png&scale=crop&cquality=40&location=origin&w=80&h=80
Youngstown State Penguins,https://a.espncdn.com/combiner/i?img=/i/teamlogos/ncaa/500/2754.png&scale=crop&cquality=40&location=origin&w=80&h=80
Brown Bears,https://a.espncdn.com/combiner/i?img=/i/teamlogos/ncaa/500/225.png&scale=crop&cquality=40&location=origin&w=80&h=80
Columbia Lions,https://a.espncdn.com/combiner/i?img=/i/teamlogos/ncaa/500/171.png&scale=crop&cquality=40&location=origin&w=80&h=80
Cornell Big Red,https://a.espncdn.com/combiner/i?img=/i/teamlogos/ncaa/500/172.png&scale=crop&cquality=40&location=origin&w=80&h=80
Dartmouth Big Green,https://a.espncdn.com/combiner/i?img=/i/teamlogos/ncaa/500/159.png&scale=crop&cquality=40&location=origin&w=80&h=80
Harvard Crimson,https://a.espncdn.com/combiner/i?img=/i/teamlogos/ncaa/500/108.png&scale=crop&cquality=40&location=origin&w=80&h=80
Pennsylvania Quakers,https://a.espncdn.com/combiner/i?img=/i/teamlogos/ncaa/500/219.png&scale=crop&cquality=40&location=origin&w=80&h=80
Princeton Tigers,https://a.espncdn.com/combiner/i?img=/i/teamlogos/ncaa/500/163.png&scale=crop&cquality=40&location=origin&w=80&h=80
Yale Bulldogs,https://a.espncdn.com/combiner/i?img=/i/teamlogos/ncaa/500/43.png&scale=crop&cquality=40&location=origin&w=80&h=80
Canisius Golden Griffins,https://a.espncdn.com/combiner/i?img=/i/teamlogos/ncaa/500/2099.png&scale=crop&cquality=40&location=origin&w=80&h=80
Fairfield Stags,https://a.espncdn.com/combiner/i?img=/i/teamlogos/ncaa/500/2217.png&scale=crop&cquality=40&location=origin&w=80&h=80
Iona Gaels,https://a.espncdn.com/combiner/i?img=/i/teamlogos/ncaa/500/314.png&scale=crop&cquality=40&location=origin&w=80&h=80
Manhattan Jaspers,https://a.espncdn.com/combiner/i?img=/i/teamlogos/ncaa/500/2363.png&scale=crop&cquality=40&location=origin&w=80&h=80
Marist Red Foxes,https://a.espncdn.com/combiner/i?img=/i/teamlogos/ncaa/500/2368.png&scale=crop&cquality=40&location=origin&w=80&h=80
Merrimack Warriors,https://a.espncdn.com/combiner/i?img=/i/teamlogos/ncaa/500/2771.png&scale=crop&cquality=40&location=origin&w=80&h=80
Mount St. Mary's Mountaineers,https://a.espncdn.com/combiner/i?img=/i/teamlogos/ncaa/500/116.png&scale=crop&cquality=40&location=origin&w=80&h=80
Niagara Purple Eagles,https://a.espncdn.com/combiner/i?img=/i/teamlogos/ncaa/500/315.png&scale=crop&cquality=40&location=origin&w=80&h=80
Quinnipiac Bobcats,https://a.espncdn.com/combiner/i?img=/i/teamlogos/ncaa/500/2514.png&scale=crop&cquality=40&location=origin&w=80&h=80
Rider Broncs,https://a.espncdn.com/combiner/i?img=/i/teamlogos/ncaa/500/2520.png&scale=crop&cquality=40&location=origin&w=80&h=80
Sacred Heart Pioneers,https://a.espncdn.com/combiner/i?img=/i/teamlogos/ncaa/500/2529.png&scale=crop&cquality=40&location=origin&w=80&h=80
Saint Peter's Peacocks,https://a.espncdn.com/combiner/i?img=/i/teamlogos/ncaa/500/2612.png&scale=crop&cquality=40&location=origin&w=80&h=80
Siena Saints,https://a.espncdn.com/combiner/i?img=/i/teamlogos/ncaa/500/2561.png&scale=crop&cquality=40&location=origin&w=80&h=80
Coppin State Eagles,https://a.espncdn.com/combiner/i?img=/i/teamlogos/ncaa/500/2154.png&scale=crop&cquality=40&location=origin&w=80&h=80
Delaware State Hornets,https://a.espncdn.com/combiner/i?img=/i/teamlogos/ncaa/500/2169.png&scale=crop&cquality=40&location=origin&w=80&h=80
Howard Bison,https://a.espncdn.com/combiner/i?img=/i/teamlogos/ncaa/500/47.png&scale=crop&cquality=40&location=origin&w=80&h=80
Maryland Eastern Shore Hawks,https://a.espncdn.com/combiner/i?img=/i/teamlogos/ncaa/500/2379.png&scale=crop&cquality=40&location=origin&w=80&h=80
Morgan State Bears,https://a.espncdn.com/combiner/i?img=/i/teamlogos/ncaa/500/2415.png&scale=crop&cquality=40&location=origin&w=80&h=80
Norfolk State Spartans,https://a.espncdn.com/combiner/i?img=/i/teamlogos/ncaa/500/2450.png&scale=crop&cquality=40&location=origin&w=80&h=80
North Carolina Central Eagles,https://a.espncdn.com/combiner/i?img=/i/teamlogos/ncaa/500/2428.png&scale=crop&cquality=40&location=origin&w=80&h=80
South Carolina State Bulldogs,https://a.espncdn.com/combiner/i?img=/i/teamlogos/ncaa/500/2569.png&scale=crop&cquality=40&location=origin&w=80&h=80
Akron Zips,https://a.espncdn.com/combiner/i?img=/i/teamlogos/ncaa/500/2006.png&scale=crop&cquality=40&location=origin&w=80&h=80
Ball State Cardinals,https://a.espncdn.com/combiner/i?img=/i/teamlogos/ncaa/500/2050.png&scale=crop&cquality=40&location=origin&w=80&h=80
Bowling Green Falcons,https://a.espncdn.com/combiner/i?img=/i/teamlogos/ncaa/500/189.png&scale=crop&cquality=40&location=origin&w=80&h=80
Buffalo Bulls,https://a.espncdn.com/combiner/i?img=/i/teamlogos/ncaa/500/2084.png&scale=crop&cquality=40&location=origin&w=80&h=80
Central Michigan Chippewas,https://a.espncdn.com/combiner/i?img=/i/teamlogos/ncaa/500/2117.png&scale=crop&cquality=40&location=origin&w=80&h=80
Eastern Michigan Eagles,https://a.espncdn.com/combiner/i?img=/i/teamlogos/ncaa/500/2199.png&scale=crop&cquality=40&location=origin&w=80&h=80
Kent State Golden Flashes,https://a.espncdn.com/combiner/i?img=/i/teamlogos/ncaa/500/2309.png&scale=crop&cquality=40&location=origin&w=80&h=80
Miami (OH) RedHawks,https://a.espncdn.com/combiner/i?img=/i/teamlogos/ncaa/500/193.png&scale=crop&cquality=40&location=origin&w=80&h=80
Northern Illinois Huskies,https://a.espncdn.com/combiner/i?img=/i/teamlogos/ncaa/500/2459.png&scale=crop&cquality=40&location=origin&w=80&h=80
Ohio Bobcats,https://a.espncdn.com/combiner/i?img=/i/teamlogos/ncaa/500/195.png&scale=crop&cquality=40&location=origin&w=80&h=80
Toledo Rockets,https://a.espncdn.com/combiner/i?img=/i/teamlogos/ncaa/500/2649.png&scale=crop&cquality=40&location=origin&w=80&h=80
Western Michigan Broncos,https://a.espncdn.com/combiner/i?img=/i/teamlogos/ncaa/500/2711.png&scale=crop&cquality=40&location=origin&w=80&h=80
Belmont Bruins,https://a.espncdn.com/combiner/i?img=/i/teamlogos/ncaa/500/2057.png&scale=crop&cquality=40&location=origin&w=80&h=80
Bradley Braves,https://a.espncdn.com/combiner/i?img=/i/teamlogos/ncaa/500/71.png&scale=crop&cquality=40&location=origin&w=80&h=80
Drake Bulldogs,https://a.espncdn.com/combiner/i?img=/i/teamlogos/ncaa/500/2181.png&scale=crop&cquality=40&location=origin&w=80&h=80
Evansville Purple Aces,https://a.espncdn.com/combiner/i?img=/i/teamlogos/ncaa/500/339.png&scale=crop&cquality=40&location=origin&w=80&h=80
Illinois State Redbirds,https://a.espncdn.com/combiner/i?img=/i/teamlogos/ncaa/500/2287.png&scale=crop&cquality=40&location=origin&w=80&h=80
Indiana State Sycamores,https://a.espncdn.com/combiner/i?img=/i/teamlogos/ncaa/500/282.png&scale=crop&cquality=40&location=origin&w=80&h=80
Missouri State Bears,https://a.espncdn.com/combiner/i?img=/i/teamlogos/ncaa/500/2623.png&scale=crop&cquality=40&location=origin&w=80&h=80
Murray State Racers,https://a.espncdn.com/combiner/i?img=/i/teamlogos/ncaa/500/93.png&scale=crop&cquality=40&location=origin&w=80&h=80
Northern Iowa Panthers,https://a.espncdn.com/combiner/i?img=/i/teamlogos/ncaa/500/2460.png&scale=crop&cquality=40&location=origin&w=80&h=80
Southern Illinois Salukis,https://a.espncdn.com/combiner/i?img=/i/teamlogos/ncaa/500/79.png&scale=crop&cquality=40&location=origin&w=80&h=80
UIC Flames,https://a.espncdn.com/combiner/i?img=/i/teamlogos/ncaa/500/82.png&scale=crop&cquality=40&location=origin&w=80&h=80
Valparaiso Beacons,https://a.espncdn.com/combiner/i?img=/i/teamlogos/ncaa/500/2674.png&scale=crop&cquality=40&location=origin&w=80&h=80
Air Force Falcons,https://a.espncdn.com/combiner/i?img=/i/teamlogos/ncaa/500/2005.png&scale=crop&cquality=40&location=origin&w=80&h=80
Boise State Broncos,https://a.espncdn.com/combiner/i?img=/i/teamlogos/ncaa/500/68.png&scale=crop&cquality=40&location=origin&w=80&h=80
Colorado State Rams,https://a.espncdn.com/combiner/i?img=/i/teamlogos/ncaa/500/36.png&scale=crop&cquality=40&location=origin&w=80&h=80
Fresno State Bulldogs,https://a.espncdn.com/combiner/i?img=/i/teamlogos/ncaa/500/278.png&scale=crop&cquality=40&location=origin&w=80&h=80
Nevada Wolf Pack,https://a.espncdn.com/combiner/i?img=/i/teamlogos/ncaa/500/2440.png&scale=crop&cquality=40&location=origin&w=80&h=80
New Mexico Lobos,https://a.espncdn.com/combiner/i?img=/i/teamlogos/ncaa/500/167.png&scale=crop&cquality=40&location=origin&w=80&h=80
San Diego State Aztecs,https://a.espncdn.com/combiner/i?img=/i/teamlogos/ncaa/500/21.png&scale=crop&cquality=40&location=origin&w=80&h=80
San Jos√© State Spartans,https://a.espncdn.com/combiner/i?img=/i/teamlogos/ncaa/500/23.png&scale=crop&cquality=40&location=origin&w=80&h=80
UNLV Rebels,https://a.espncdn.com/combiner/i?img=/i/teamlogos/ncaa/500/2439.png&scale=crop&cquality=40&location=origin&w=80&h=80
Utah State Aggies,https://a.espncdn.com/combiner/i?img=/i/teamlogos/ncaa/500/328.png&scale=crop&cquality=40&location=origin&w=80&h=80
Wyoming Cowboys,https://a.espncdn.com/combiner/i?img=/i/teamlogos/ncaa/500/2751.png&scale=crop&cquality=40&location=origin&w=80&h=80
Central Connecticut Blue Devils,https://a.espncdn.com/combiner/i?img=/i/teamlogos/ncaa/500/2115.png&scale=crop&cquality=40&location=origin&w=80&h=80
Chicago State Cougars,https://a.espncdn.com/combiner/i?img=/i/teamlogos/ncaa/500/2130.png&scale=crop&cquality=40&location=origin&w=80&h=80
Fairleigh Dickinson Knights,https://a.espncdn.com/combiner/i?img=/i/teamlogos/ncaa/500/161.png&scale=crop&cquality=40&location=origin&w=80&h=80
Le Moyne Dolphins,https://a.espncdn.com/combiner/i?img=/i/teamlogos/ncaa/500/2330.png&scale=crop&cquality=40&location=origin&w=80&h=80
Long Island University Sharks,https://a.espncdn.com/combiner/i?img=/i/teamlogos/ncaa/500/112358.png&scale=crop&cquality=40&location=origin&w=80&h=80
Mercyhurst Lakers,https://a.espncdn.com/combiner/i?img=/i/teamlogos/ncaa/500/2385.png&scale=crop&cquality=40&location=origin&w=80&h=80
St. Francis (PA) Red Flash,https://a.espncdn.com/combiner/i?img=/i/teamlogos/ncaa/500/2598.png&scale=crop&cquality=40&location=origin&w=80&h=80
Stonehill Skyhawks,https://a.espncdn.com/combiner/i?img=/i/teamlogos/ncaa/500/284.png&scale=crop&cquality=40&location=origin&w=80&h=80
Wagner Seahawks,https://a.espncdn.com/combiner/i?img=/i/teamlogos/ncaa/500/2681.png&scale=crop&cquality=40&location=origin&w=80&h=80
Eastern Illinois Panthers,https://a.espncdn.com/combiner/i?img=/i/teamlogos/ncaa/500/2197.png&scale=crop&cquality=40&location=origin&w=80&h=80
Lindenwood Lions,https://a.espncdn.com/combiner/i?img=/i/teamlogos/ncaa/500/2815.png&scale=crop&cquality=40&location=origin&w=80&h=80
Little Rock Trojans,https://a.espncdn.com/combiner/i?img=/i/teamlogos/ncaa/500/2031.png&scale=crop&cquality=40&location=origin&w=80&h=80
Morehead State Eagles,https://a.espncdn.com/combiner/i?img=/i/teamlogos/ncaa/500/2413.png&scale=crop&cquality=40&location=origin&w=80&h=80
SIU Edwardsville Cougars,https://a.espncdn.com/combiner/i?img=/i/teamlogos/ncaa/500/2565.png&scale=crop&cquality=40&location=origin&w=80&h=80
Southeast Missouri State Redhawks,https://a.espncdn.com/combiner/i?img=/i/teamlogos/ncaa/500/2546.png&scale=crop&cquality=40&location=origin&w=80&h=80
Southern Indiana Screaming Eagles,https://a.espncdn.com/combiner/i?img=/i/teamlogos/ncaa/500/88.png&scale=crop&cquality=40&location=origin&w=80&h=80
Tennessee State Tigers,https://a.espncdn.com/combiner/i?img=/i/teamlogos/ncaa/500/2634.png&scale=crop&cquality=40&location=origin&w=80&h=80
Tennessee Tech Golden Eagles,https://a.espncdn.com/combiner/i?img=/i/teamlogos/ncaa/500/2635.png&scale=crop&cquality=40&location=origin&w=80&h=80
UT Martin Skyhawks,https://a.espncdn.com/combiner/i?img=/i/teamlogos/ncaa/500/2630.png&scale=crop&cquality=40&location=origin&w=80&h=80
Western Illinois Leathernecks,https://a.espncdn.com/combiner/i?img=/i/teamlogos/ncaa/500/2710.png&scale=crop&cquality=40&location=origin&w=80&h=80
American University Eagles,https://a.espncdn.com/combiner/i?img=/i/teamlogos/ncaa/500/44.png&scale=crop&cquality=40&location=origin&w=80&h=80
Army Black Knights,https://a.espncdn.com/combiner/i?img=/i/teamlogos/ncaa/500/349.png&scale=crop&cquality=40&location=origin&w=80&h=80
Boston University Terriers,https://a.espncdn.com/combiner/i?img=/i/teamlogos/ncaa/500/104.png&scale=crop&cquality=40&location=origin&w=80&h=80
Bucknell Bison,https://a.espncdn.com/combiner/i?img=/i/teamlogos/ncaa/500/2083.png&scale=crop&cquality=40&location=origin&w=80&h=80
Colgate Raiders,https://a.espncdn.com/combiner/i?img=/i/teamlogos/ncaa/500/2142.png&scale=crop&cquality=40&location=origin&w=80&h=80
Holy Cross Crusaders,https://a.espncdn.com/combiner/i?img=/i/teamlogos/ncaa/500/107.png&scale=crop&cquality=40&location=origin&w=80&h=80
Lafayette Leopards,https://a.espncdn.com/combiner/i?img=/i/teamlogos/ncaa/500/322.png&scale=crop&cquality=40&location=origin&w=80&h=80
Lehigh Mountain Hawks,https://a.espncdn.com/combiner/i?img=/i/teamlogos/ncaa/500/2329.png&scale=crop&cquality=40&location=origin&w=80&h=80
Loyola Maryland Greyhounds,https://a.espncdn.com/combiner/i?img=/i/teamlogos/ncaa/500/2352.png&scale=crop&cquality=40&location=origin&w=80&h=80
Navy Midshipmen,https://a.espncdn.com/combiner/i?img=/i/teamlogos/ncaa/500/2426.png&scale=crop&cquality=40&location=origin&w=80&h=80
Alabama Crimson Tide,https://a.espncdn.com/combiner/i?img=/i/teamlogos/ncaa/500/333.png&scale=crop&cquality=40&location=origin&w=80&h=80
Arkansas Razorbacks,https://a.espncdn.com/combiner/i?img=/i/teamlogos/ncaa/500/8.png&scale=crop&cquality=40&location=origin&w=80&h=80
Auburn Tigers,https://a.espncdn.com/combiner/i?img=/i/teamlogos/ncaa/500/2.png&scale=crop&cquality=40&location=origin&w=80&h=80
Florida Gators,https://a.espncdn.com/combiner/i?img=/i/teamlogos/ncaa/500/57.png&scale=crop&cquality=40&location=origin&w=80&h=80
Georgia Bulldogs,https://a.espncdn.com/combiner/i?img=/i/teamlogos/ncaa/500/61.png&scale=crop&cquality=40&location=origin&w=80&h=80
Kentucky Wildcats,https://a.espncdn.com/combiner/i?img=/i/teamlogos/ncaa/500/96.png&scale=crop&cquality=40&location=origin&w=80&h=80
LSU Tigers,https://a.espncdn.com/combiner/i?img=/i/teamlogos/ncaa/500/99.png&scale=crop&cquality=40&location=origin&w=80&h=80
Mississippi State Bulldogs,https://a.espncdn.com/combiner/i?img=/i/teamlogos/ncaa/500/344.png&scale=crop&cquality=40&location=origin&w=80&h=80
Missouri Tigers,https://a.espncdn.com/combiner/i?img=/i/teamlogos/ncaa/500/142.png&scale=crop&cquality=40&location=origin&w=80&h=80
Oklahoma Sooners,https://a.espncdn.com/combiner/i?img=/i/teamlogos/ncaa/500/201.png&scale=crop&cquality=40&location=origin&w=80&h=80
Ole Miss Rebels,https://a.espncdn.com/combiner/i?img=/i/teamlogos/ncaa/500/145.png&scale=crop&cquality=40&location=origin&w=80&h=80
South Carolina Gamecocks,https://a.espncdn.com/combiner/i?img=/i/teamlogos/ncaa/500/2579.png&scale=crop&cquality=40&location=origin&w=80&h=80
Tennessee Volunteers,https://a.espncdn.com/combiner/i?img=/i/teamlogos/ncaa/500/2633.png&scale=crop&cquality=40&location=origin&w=80&h=80
Texas A&M Aggies,https://a.espncdn.com/combiner/i?img=/i/teamlogos/ncaa/500/245.png&scale=crop&cquality=40&location=origin&w=80&h=80
Texas Longhorns,https://a.espncdn.com/combiner/i?img=/i/teamlogos/ncaa/500/251.png&scale=crop&cquality=40&location=origin&w=80&h=80
Vanderbilt Commodores,https://a.espncdn.com/combiner/i?img=/i/teamlogos/ncaa/500/238.png&scale=crop&cquality=40&location=origin&w=80&h=80
Alabama A&M Bulldogs,https://a.espncdn.com/combiner/i?img=/i/teamlogos/ncaa/500/2010.png&scale=crop&cquality=40&location=origin&w=80&h=80
Alabama State Hornets,https://a.espncdn.com/combiner/i?img=/i/teamlogos/ncaa/500/2011.png&scale=crop&cquality=40&location=origin&w=80&h=80
Alcorn State Braves,https://a.espncdn.com/combiner/i?img=/i/teamlogos/ncaa/500/2016.png&scale=crop&cquality=40&location=origin&w=80&h=80
Arkansas-Pine Bluff Golden Lions,https://a.espncdn.com/combiner/i?img=/i/teamlogos/ncaa/500/2029.png&scale=crop&cquality=40&location=origin&w=80&h=80
Bethune-Cookman Wildcats,https://a.espncdn.com/combiner/i?img=/i/teamlogos/ncaa/500/2065.png&scale=crop&cquality=40&location=origin&w=80&h=80
Florida A&M Rattlers,https://a.espncdn.com/combiner/i?img=/i/teamlogos/ncaa/500/50.png&scale=crop&cquality=40&location=origin&w=80&h=80
Grambling Tigers,https://a.espncdn.com/combiner/i?img=/i/teamlogos/ncaa/500/2755.png&scale=crop&cquality=40&location=origin&w=80&h=80
Jackson State Tigers,https://a.espncdn.com/combiner/i?img=/i/teamlogos/ncaa/500/2296.png&scale=crop&cquality=40&location=origin&w=80&h=80
Mississippi Valley State Delta Devils,https://a.espncdn.com/combiner/i?img=/i/teamlogos/ncaa/500/2400.png&scale=crop&cquality=40&location=origin&w=80&h=80
Prairie View A&M Panthers,https://a.espncdn.com/combiner/i?img=/i/teamlogos/ncaa/500/2504.png&scale=crop&cquality=40&location=origin&w=80&h=80
Southern Jaguars,https://a.espncdn.com/combiner/i?img=/i/teamlogos/ncaa/500/2582.png&scale=crop&cquality=40&location=origin&w=80&h=80
Texas Southern Tigers,https://a.espncdn.com/combiner/i?img=/i/teamlogos/ncaa/500/2640.png&scale=crop&cquality=40&location=origin&w=80&h=80
Chattanooga Mocs,https://a.espncdn.com/combiner/i?img=/i/teamlogos/ncaa/500/236.png&scale=crop&cquality=40&location=origin&w=80&h=80
East Tennessee State Buccaneers,https://a.espncdn.com/combiner/i?img=/i/teamlogos/ncaa/500/2193.png&scale=crop&cquality=40&location=origin&w=80&h=80
Furman Paladins,https://a.espncdn.com/combiner/i?img=/i/teamlogos/ncaa/500/231.png&scale=crop&cquality=40&location=origin&w=80&h=80
Mercer Bears,https://a.espncdn.com/combiner/i?img=/i/teamlogos/ncaa/500/2382.png&scale=crop&cquality=40&location=origin&w=80&h=80
Samford Bulldogs,https://a.espncdn.com/combiner/i?img=/i/teamlogos/ncaa/500/2535.png&scale=crop&cquality=40&location=origin&w=80&h=80
The Citadel Bulldogs,https://a.espncdn.com/combiner/i?img=/i/teamlogos/ncaa/500/2643.png&scale=crop&cquality=40&location=origin&w=80&h=80
UNC Greensboro Spartans,https://a.espncdn.com/combiner/i?img=/i/teamlogos/ncaa/500/2430.png&scale=crop&cquality=40&location=origin&w=80&h=80
VMI Keydets,https://a.espncdn.com/combiner/i?img=/i/teamlogos/ncaa/500/2678.png&scale=crop&cquality=40&location=origin&w=80&h=80
Western Carolina Catamounts,https://a.espncdn.com/combiner/i?img=/i/teamlogos/ncaa/500/2717.png&scale=crop&cquality=40&location=origin&w=80&h=80
Wofford Terriers,https://a.espncdn.com/combiner/i?img=/i/teamlogos/ncaa/500/2747.png&scale=crop&cquality=40&location=origin&w=80&h=80
East Texas A&M Lions,https://a.espncdn.com/combiner/i?img=/i/teamlogos/ncaa/500/2837.png&scale=crop&cquality=40&location=origin&w=80&h=80
Houston Christian Huskies,https://a.espncdn.com/combiner/i?img=/i/teamlogos/ncaa/500/2277.png&scale=crop&cquality=40&location=origin&w=80&h=80
Incarnate Word Cardinals,https://a.espncdn.com/combiner/i?img=/i/teamlogos/ncaa/500/2916.png&scale=crop&cquality=40&location=origin&w=80&h=80
Lamar Cardinals,https://a.espncdn.com/combiner/i?img=/i/teamlogos/ncaa/500/2320.png&scale=crop&cquality=40&location=origin&w=80&h=80
McNeese Cowboys,https://a.espncdn.com/combiner/i?img=/i/teamlogos/ncaa/500/2377.png&scale=crop&cquality=40&location=origin&w=80&h=80
New Orleans Privateers,https://a.espncdn.com/combiner/i?img=/i/teamlogos/ncaa/500/2443.png&scale=crop&cquality=40&location=origin&w=80&h=80
Nicholls Colonels,https://a.espncdn.com/combiner/i?img=/i/teamlogos/ncaa/500/2447.png&scale=crop&cquality=40&location=origin&w=80&h=80
Northwestern State Demons,https://a.espncdn.com/combiner/i?img=/i/teamlogos/ncaa/500/2466.png&scale=crop&cquality=40&location=origin&w=80&h=80
SE Louisiana Lions,https://a.espncdn.com/combiner/i?img=/i/teamlogos/ncaa/500/2545.png&scale=crop&cquality=40&location=origin&w=80&h=80
Stephen F. Austin Lumberjacks,https://a.espncdn.com/combiner/i?img=/i/teamlogos/ncaa/500/2617.png&scale=crop&cquality=40&location=origin&w=80&h=80
Texas A&M-Corpus Christi Islanders,https://a.espncdn.com/combiner/i?img=/i/teamlogos/ncaa/500/357.png&scale=crop&cquality=40&location=origin&w=80&h=80
UT Rio Grande Valley Vaqueros,https://a.espncdn.com/combiner/i?img=/i/teamlogos/ncaa/500/292.png&scale=crop&cquality=40&location=origin&w=80&h=80
Denver Pioneers,https://a.espncdn.com/combiner/i?img=/i/teamlogos/ncaa/500/2172.png&scale=crop&cquality=40&location=origin&w=80&h=80
Kansas City Roos,https://a.espncdn.com/combiner/i?img=/i/teamlogos/ncaa/500/140.png&scale=crop&cquality=40&location=origin&w=80&h=80
North Dakota Fighting Hawks,https://a.espncdn.com/combiner/i?img=/i/teamlogos/ncaa/500/155.png&scale=crop&cquality=40&location=origin&w=80&h=80
North Dakota State Bison,https://a.espncdn.com/combiner/i?img=/i/teamlogos/ncaa/500/2449.png&scale=crop&cquality=40&location=origin&w=80&h=80
Omaha Mavericks,https://a.espncdn.com/combiner/i?img=/i/teamlogos/ncaa/500/2437.png&scale=crop&cquality=40&location=origin&w=80&h=80
Oral Roberts Golden Eagles,https://a.espncdn.com/combiner/i?img=/i/teamlogos/ncaa/500/198.png&scale=crop&cquality=40&location=origin&w=80&h=80
South Dakota Coyotes,https://a.espncdn.com/combiner/i?img=/i/teamlogos/ncaa/500/233.png&scale=crop&cquality=40&location=origin&w=80&h=80
South Dakota State Jackrabbits,https://a.espncdn.com/combiner/i?img=/i/teamlogos/ncaa/500/2571.png&scale=crop&cquality=40&location=origin&w=80&h=80
St. Thomas-Minnesota Tommies,https://a.espncdn.com/combiner/i?img=/i/teamlogos/ncaa/500/2900.png&scale=crop&cquality=40&location=origin&w=80&h=80
App State Mountaineers,https://a.espncdn.com/combiner/i?img=/i/teamlogos/ncaa/500/2026.png&scale=crop&cquality=40&location=origin&w=80&h=80
Arkansas State Red Wolves,https://a.espncdn.com/combiner/i?img=/i/teamlogos/ncaa/500/2032.png&scale=crop&cquality=40&location=origin&w=80&h=80
Coastal Carolina Chanticleers,https://a.espncdn.com/combiner/i?img=/i/teamlogos/ncaa/500/324.png&scale=crop&cquality=40&location=origin&w=80&h=80
Georgia Southern Eagles,https://a.espncdn.com/combiner/i?img=/i/teamlogos/ncaa/500/290.png&scale=crop&cquality=40&location=origin&w=80&h=80
Georgia State Panthers,https://a.espncdn.com/combiner/i?img=/i/teamlogos/ncaa/500/2247.png&scale=crop&cquality=40&location=origin&w=80&h=80
James Madison Dukes,https://a.espncdn.com/combiner/i?img=/i/teamlogos/ncaa/500/256.png&scale=crop&cquality=40&location=origin&w=80&h=80
Louisiana Ragin' Cajuns,https://a.espncdn.com/combiner/i?img=/i/teamlogos/ncaa/500/309.png&scale=crop&cquality=40&location=origin&w=80&h=80
Marshall Thundering Herd,https://a.espncdn.com/combiner/i?img=/i/teamlogos/ncaa/500/276.png&scale=crop&cquality=40&location=origin&w=80&h=80
Old Dominion Monarchs,https://a.espncdn.com/combiner/i?img=/i/teamlogos/ncaa/500/295.png&scale=crop&cquality=40&location=origin&w=80&h=80
South Alabama Jaguars,https://a.espncdn.com/combiner/i?img=/i/teamlogos/ncaa/500/6.png&scale=crop&cquality=40&location=origin&w=80&h=80
Southern Miss Golden Eagles,https://a.espncdn.com/combiner/i?img=/i/teamlogos/ncaa/500/2572.png&scale=crop&cquality=40&location=origin&w=80&h=80
Texas State Bobcats,https://a.espncdn.com/combiner/i?img=/i/teamlogos/ncaa/500/326.png&scale=crop&cquality=40&location=origin&w=80&h=80
Troy Trojans,https://a.espncdn.com/combiner/i?img=/i/teamlogos/ncaa/500/2653.png&scale=crop&cquality=40&location=origin&w=80&h=80
UL Monroe Warhawks,https://a.espncdn.com/combiner/i?img=/i/teamlogos/ncaa/500/2433.png&scale=crop&cquality=40&location=origin&w=80&h=80
Abilene Christian Wildcats,https://a.espncdn.com/combiner/i?img=/i/teamlogos/ncaa/500/2000.png&scale=crop&cquality=40&location=origin&w=80&h=80
California Baptist Lancers,https://a.espncdn.com/combiner/i?img=/i/teamlogos/ncaa/500/2856.png&scale=crop&cquality=40&location=origin&w=80&h=80
Grand Canyon Lopes,https://a.espncdn.com/combiner/i?img=/i/teamlogos/ncaa/500/2253.png&scale=crop&cquality=40&location=origin&w=80&h=80
Seattle U Redhawks,https://a.espncdn.com/combiner/i?img=/i/teamlogos/ncaa/500/2547.png&scale=crop&cquality=40&location=origin&w=80&h=80
Southern Utah Thunderbirds,https://a.espncdn.com/combiner/i?img=/i/teamlogos/ncaa/500/253.png&scale=crop&cquality=40&location=origin&w=80&h=80
Tarleton State Texans,https://a.espncdn.com/combiner/i?img=/i/teamlogos/ncaa/500/2627.png&scale=crop&cquality=40&location=origin&w=80&h=80
UT Arlington Mavericks,https://a.espncdn.com/combiner/i?img=/i/teamlogos/ncaa/500/250.png&scale=crop&cquality=40&location=origin&w=80&h=80
Utah Tech Trailblazers,https://a.espncdn.com/combiner/i?img=/i/teamlogos/ncaa/500/3101.png&scale=crop&cquality=40&location=origin&w=80&h=80
Utah Valley Wolverines,https://a.espncdn.com/combiner/i?img=/i/teamlogos/ncaa/500/3084.png&scale=crop&cquality=40&location=origin&w=80&h=80
Gonzaga Bulldogs,https://a.espncdn.com/combiner/i?img=/i/teamlogos/ncaa/500/2250.png&scale=crop&cquality=40&location=origin&w=80&h=80
Loyola Marymount Lions,https://a.espncdn.com/combiner/i?img=/i/teamlogos/ncaa/500/2351.png&scale=crop&cquality=40&location=origin&w=80&h=80
Oregon State Beavers,https://a.espncdn.com/combiner/i?img=/i/teamlogos/ncaa/500/204.png&scale=crop&cquality=40&location=origin&w=80&h=80
Pacific Tigers,https://a.espncdn.com/combiner/i?img=/i/teamlogos/ncaa/500/279.png&scale=crop&cquality=40&location=origin&w=80&h=80
Pepperdine Waves,https://a.espncdn.com/combiner/i?img=/i/teamlogos/ncaa/500/2492.png&scale=crop&cquality=40&location=origin&w=80&h=80
Portland Pilots,https://a.espncdn.com/combiner/i?img=/i/teamlogos/ncaa/500/2501.png&scale=crop&cquality=40&location=origin&w=80&h=80
Saint Mary's Gaels,https://a.espncdn.com/combiner/i?img=/i/teamlogos/ncaa/500/2608.png&scale=crop&cquality=40&location=origin&w=80&h=80
San Diego Toreros,https://a.espncdn.com/combiner/i?img=/i/teamlogos/ncaa/500/301.png&scale=crop&cquality=40&location=origin&w=80&h=80
San Francisco Dons,https://a.espncdn.com/combiner/i?img=/i/teamlogos/ncaa/500/2539.png&scale=crop&cquality=40&location=origin&w=80&h=80
Santa Clara Broncos,https://a.espncdn.com/combiner/i?img=/i/teamlogos/ncaa/500/2541.png&scale=crop&cquality=40&location=origin&w=80&h=80
Washington State Cougars,https://a.espncdn.com/combiner/i?img=/i/teamlogos/ncaa/500/265.png&scale=crop&cquality=40&location=origin&w=80&h=80
